"sample_Forward reads"	"raw.all_Forward reads"	"raw.Uniq_Forward reads"	"afterTrim.all_Forward reads"	"afterTrim.Uniq_Forward reads"	"afterDenoise.all_Forward reads"	"afterDenoise.Uniq_Forward reads"	"afterMerge.all_Forward reads"	"afterMerge.Uniq_Forward reads"	"afterBimera.all_Forward reads"	"afterBimera.Uniq_Forward reads"
"10-D0AM"	371	287	225	173	205	36	87	19	86	18
"2-D0AM"	5178	1735	4509	1276	4432	163	3998	119	3952	107
"3-D0AM"	5231	1550	4579	1116	4537	167	4025	125	3971	107
"9-D0AM"	6977	2304	6061	1685	5969	187	5114	135	5010	125
"6-D0AM"	8960	2223	8129	1717	8084	209	7312	166	7212	128
"4-D0AM"	9134	2222	8149	1642	8076	186	6408	142	6344	120
"5-D0AM"	12040	2974	10891	2279	10808	265	10027	212	9757	135
"8-D0AM"	12985	3055	11732	2365	11693	314	10820	253	10489	160
"2-D0PM"	13582	3044	12328	2269	12252	252	10986	196	10763	142
"4-D0PM"	15822	3743	14220	2836	14096	277	12877	188	12630	143
"7-D0AM"	22593	4804	20658	3788	20606	410	17655	325	16908	164
"2-D8"	33371	7780	31084	6266	31009	650	28758	521	25292	96
"inoculum1-5"	34276	9567	32522	8045	31729	580	29119	476	26308	203
"4-D8"	34634	8388	31346	6344	31274	643	28273	475	24659	86
"1-D0AM"	34848	6177	31684	4350	31552	238	25050	189	23052	97
"5-D8"	35751	8012	32970	6248	32915	638	31051	504	27626	81
"5-D60AM"	36044	8080	33547	6248	33434	776	30480	651	24797	88
"6-D8"	37429	7229	35024	5919	34973	503	33112	397	30193	82
"2-D57PM"	37764	9119	35195	7048	35030	888	31770	723	25755	86
"2-D59PM"	38539	7058	36821	5757	36667	813	33844	687	27513	85
"2-D59AM"	39959	8951	37990	7379	37707	991	34369	845	26023	99
"6-D64PM"	42250	7625	39976	6006	39851	703	36131	555	30403	81
"4-D23PM"	42284	10900	39587	9108	39166	1009	36328	782	32029	131
"3-D53"	43614	9634	39937	7555	39746	839	35541	651	29425	100
"1-D0PM"	43903	8507	39889	6065	39663	349	31234	278	26679	103
"2-D23AM"	43942	9216	40359	6963	40131	833	37950	621	35104	117
"3-D64AM"	44624	9298	42649	7685	42410	1097	39243	962	30729	89
"3-D60AM"	44760	10787	41925	8523	41697	951	38045	812	29783	92
"3-D57AM"	44862	11104	41244	8272	40933	855	37170	699	29787	103
"5-D1AM"	45560	10878	39487	8152	39304	549	33851	414	29982	57
"4-D24"	45716	10771	41430	8753	40930	985	37797	723	33045	130
"3-D8"	45798	9890	42379	7979	42301	736	39179	597	33870	97
"5-D23PM"	45965	11844	43406	9882	42840	988	39430	766	34937	141
"3-D0PM"	45985	8174	41888	6003	41711	300	30497	223	26476	77
"3-D51AM"	46288	7707	42557	6087	42448	655	38241	522	33773	75
"2-D64PM"	46903	10396	44329	8352	44136	993	39969	839	32047	94
"5-D64AM"	47270	10468	44568	8235	44405	1041	40133	895	32330	92
"9-D29PM"	47371	10623	44327	8715	44151	863	40710	715	32576	100
"9-D58PM"	47603	8109	45193	6337	45083	688	40902	560	33455	75
"5-D0PM"	47614	9618	43311	7110	43058	283	31284	209	25210	68
"9-D23AM"	47723	12212	44693	9926	44177	1018	41058	806	36374	125
"9-D54"	47840	8914	43133	7226	42927	791	38752	625	33030	102
"2-D3AM"	47916	10233	42863	7894	42726	860	37244	615	31972	93
"8-D54"	48309	9190	43476	7360	43220	826	38556	642	32584	99
"2-D63"	48364	12636	45937	10582	45537	1176	40977	1016	26597	104
"3-D57PM"	49001	10806	45797	8432	45499	868	41269	723	32665	99
"4-D64AM"	49007	11958	46580	9966	46238	1170	42121	1000	30202	105
"5-D64PM"	49350	10220	46614	8041	46423	1006	42488	861	34719	88
"5-D28PM"	49624	13831	46194	11379	45599	1013	40887	786	35245	131
"2-D23PM"	49680	11718	46701	9650	46249	1014	43443	841	38359	134
"2-D24"	49802	10883	44875	8337	44521	987	41335	699	36881	109
"9-D64AM"	50111	9795	47489	7668	47318	815	43557	684	34772	88
"6-D0PM"	50213	6694	46041	4930	45926	266	30907	196	27128	58
"3-D60PM"	50488	10278	48405	8565	48136	1048	44901	911	35121	97
"5-D29AM"	50722	16344	47325	13910	46819	1377	41064	1159	28503	101
"4-D51PM"	50805	9362	47802	7559	47604	944	44476	795	37285	82
"4-D64PM"	51071	10145	48209	7906	48039	930	44593	815	36112	90
"4-D9"	51119	13881	47162	11249	46806	1154	42909	940	35386	121
"3-D59PM"	51160	8768	49230	7385	49004	964	43669	798	35674	98
"5-D62"	51318	11786	48342	9253	48070	1154	44208	1010	35160	101
"2-D51AM"	51366	10666	48233	8671	48047	925	43347	786	35813	92
"4-D30PM"	51645	12307	46771	9476	46615	1029	42151	810	36545	110
"5-D58AM"	51732	10945	48051	8120	47865	784	43936	681	35333	70
"5-D24"	52081	11618	47732	9214	47222	1024	43791	738	39376	127
"2-D51PM"	52099	9889	49646	8230	49393	978	46134	830	38382	100
"3-D44AM"	52314	10945	48739	8543	48674	822	44253	687	36466	54
"3-D22PM"	52375	13465	48526	10752	48014	1167	44282	900	39167	144
"6-D64AM"	52503	10107	49540	7876	49354	795	45110	663	37443	88
"3-D24"	52585	9722	48425	7524	48143	866	45727	633	41224	106
"2-D62"	53243	11835	49684	9026	49507	976	45379	848	36516	89
"3-D63"	53281	11717	50638	9495	50315	1245	46800	1100	35026	96
"4-D1PM"	53296	11722	45402	8582	45333	488	39209	353	33780	53
"6-D59PM"	53359	11102	49815	8246	49674	692	44844	552	36583	64
"inoculum-6-10"	53435	13231	50711	10895	50049	638	45169	520	38557	132
"3-D42PM"	53551	11266	50585	8840	50442	835	46889	741	38351	56
"4-D52AM"	54033	11516	49972	9240	49818	827	44438	687	38553	78
"2-D57AM"	54213	13075	50379	9916	50033	1010	45317	853	35934	107
"2-D1AM"	54243	12472	48401	9673	48138	650	39081	520	32049	55
"4-D57PM"	54566	11898	50674	8734	50390	926	45664	764	36697	91
"5-D63"	54597	11980	51862	9803	51564	1289	46845	1101	35642	106
"3-D59AM"	54774	11084	52541	9294	52297	1074	48041	930	35178	101
"2-D11"	54927	16378	50682	13120	50288	1225	46106	1026	37309	123
"9-D0PM"	55183	8539	50708	6321	50353	358	37730	282	32042	71
"10-D59AM"	55189	9408	52665	7682	52509	879	48039	731	40183	92
"5-D1PM"	55379	10806	48103	8154	48032	507	41908	354	35761	64
"5-D35AM"	55394	11464	51896	9207	51562	918	48700	776	40370	107
"2-D64AM"	55562	12068	52852	9897	52588	1153	48499	1017	36263	88
"10-D8"	55588	11688	51470	9551	51301	902	47533	738	39522	94
"6-D53"	55800	11316	52175	9393	51994	788	46474	641	39608	83
"3-D28AM"	55921	15870	52069	12959	51490	1170	47220	956	39980	135
"4-D44AM"	55950	11871	52022	9523	51932	827	46524	696	37453	51
"4-D58PM"	55976	11240	52599	8549	52345	810	47302	677	39099	95
"2-D9"	56075	14665	52130	11861	51757	1191	47952	963	37937	110
"5-D11"	56304	13903	52291	11297	51997	1247	47683	1026	38322	117
"3-D64PM"	56462	12133	53419	9591	53147	1138	48989	985	39650	101
"8-D24"	56834	8050	51452	6053	51320	723	48918	538	43605	83
"5-D44AM"	56844	10297	52755	8190	52668	627	48116	518	40092	42
"5-D30PM"	56908	12520	51662	9716	51531	1043	46618	825	39922	115
"2-D54"	57104	14971	52730	11702	52440	952	47030	784	37644	94
"3-D50PM"	57312	12184	53449	9774	53176	973	48925	820	41199	94
"5-D25"	57342	13134	54549	11019	53854	1044	50560	856	44443	138
"3-D29AM"	57502	14154	53365	11412	53074	1266	48835	1054	39790	107
"5-D60PM"	57865	11203	55195	9109	54916	1097	50559	945	40373	98
"3-D1AM"	58010	13171	51659	10393	51388	675	43876	513	34822	58
"2-D52PM"	58031	13424	52890	9794	52668	808	47913	649	39465	90
"4-D1AM"	58354	12408	52478	9722	52335	716	43968	572	35751	63
"3-D23AM"	58464	14880	53872	11935	53173	1176	48152	879	41364	130
"4-D32"	58589	17331	53309	13826	52952	1318	46459	1103	37021	115
"4-D3AM"	58681	12754	51174	9582	50914	908	43514	608	36655	94
"4-D28AM"	58682	14486	55391	12103	54862	1159	50993	956	43646	123
"3-D52PM"	58846	11679	54632	9000	54427	812	49539	670	42281	100
"7-D24"	58853	9208	53132	7063	52921	835	49836	609	44944	101
"8-D28PM"	59045	12703	55447	10556	55082	960	51503	768	44652	127
"6-D23AM"	59106	10949	56234	9268	55972	1037	53290	860	46820	128
"2-D28PM"	59178	16083	55251	13171	54583	1150	50219	917	42073	129
"4-D22AM"	59282	13925	55360	11497	54737	1363	50396	1038	43843	159
"7-D60AM"	59491	12640	56057	10028	55759	979	49295	786	39655	93
"4-D43AM"	59560	13316	54803	10198	54597	1054	49811	854	40735	54
"1-D29PM"	59721	16830	55081	13625	54630	1364	48693	1111	38924	120
"4-D35AM"	59747	14993	55933	12364	55649	1402	50964	1177	40140	120
"6-D24"	59759	9276	54961	7301	54769	823	51740	611	45474	96
"8-D60PM"	59784	9307	57518	7532	57361	845	54333	733	45038	86
"3-D58AM"	59960	14484	55606	10864	55299	969	50512	837	39760	95
"6-D58AM"	60154	11067	56840	8443	56645	726	51903	590	42031	60
"3-D30PM"	60158	13314	55566	10341	55422	1130	51167	931	43607	108
"9-D59AM"	60171	10566	57669	8633	57375	886	53399	726	41985	81
"5-D51PM"	60275	11719	56424	9604	56227	1127	52180	940	40622	80
"3-D23PM"	60301	15479	56541	12624	55775	1058	51843	829	45393	139
"7-D0PM"	60463	7883	56051	5826	55871	293	39626	217	34625	61
"9-D58AM"	60547	12292	57191	9602	56900	806	50934	665	40923	92
"4-D60AM"	60647	12637	56665	9599	56391	929	51252	750	41851	96
"6-D57PM"	60714	12102	56919	9124	56681	811	50958	676	43677	94
"8-D23PM"	61010	10285	56371	8290	56033	957	52755	724	47588	113
"9-D57AM"	61131	10824	57630	7990	57457	705	53599	572	45440	85
"4-D10"	61267	16807	56451	13547	55995	1337	51059	1102	39912	114
"4-D63"	61481	13016	58546	10686	58137	1100	53237	931	39654	92
"2-D60AM"	61567	16011	57373	12549	56994	1272	51038	1095	36773	93
"4-D54"	61701	13702	57751	11211	57357	942	51617	785	40571	90
"1-D1PM"	61771	12827	54258	9701	54125	468	46268	370	40246	51
"7-D59AM"	61785	11240	59250	9254	58911	988	53871	825	44480	91
"6-D28PM"	61860	14907	57972	12364	57518	1018	52988	792	45628	116
"10-D29AM"	61868	12167	58286	10039	58072	950	54734	806	44266	115
"1-D29AM"	62205	15517	58141	12704	57747	1329	52869	1107	42901	114
"6-D23PM"	62319	12484	58913	10524	58524	1010	54957	807	47339	120
"5-D59AM"	62409	10891	58867	8771	58594	969	51988	799	41458	86
"5-D22AM"	62833	13771	59296	11179	58797	1352	55165	1121	47734	150
"3-D58PM"	62853	14664	58758	11378	58456	1040	52297	878	40674	98
"3-D52AM"	62859	12027	58051	9490	57892	860	51875	703	43904	95
"5-D58PM"	62924	14781	58483	11134	58126	1020	52603	864	39276	81
"3-D54"	63006	17819	54613	11672	54253	820	48827	670	40505	103
"5-D9"	63119	16737	58064	13591	57698	1377	52101	1117	40342	102
"5-D54"	63163	14425	56562	11126	56350	881	50466	747	41917	70
"4-D22PM"	63272	14149	58987	11359	58531	1209	54716	959	49223	170
"7-D57AM"	63298	10552	60033	8191	59771	891	54556	747	47737	98
"2-D28AM"	63341	14050	59444	11664	58756	1141	54935	897	47429	128
"2-D58PM"	63415	15096	58840	11444	58530	1143	50584	915	39175	105
"4-D25"	63419	13812	59599	11404	58973	1181	55430	963	47790	132
"9-D63"	63592	12347	60655	9858	60375	954	56316	818	43684	90
"10-D64AM"	63685	10283	60661	7910	60504	818	56821	691	49010	90
"4-D4PM"	63771	14307	58793	11724	58446	1200	53618	998	42686	127
"6-D22AM"	64126	11775	61089	10019	60800	1086	57627	918	48723	125
"9-D44AM"	64221	9517	60529	7147	60485	498	57649	405	51310	43
"6-D22PM"	64286	12997	57527	10135	57209	987	52015	731	46628	117
"3-D1PM"	64305	12649	57400	9470	57284	487	50992	359	44313	62
"10-D10"	64397	13862	60738	11557	60556	970	56196	818	46843	88
"4-D3PM"	64455	14214	56987	10703	56861	812	49335	573	43792	101
"3-D61"	64467	14895	60050	11284	59706	1262	54898	1098	43189	114
"6-D10"	64479	13771	60917	11470	60709	1007	57009	864	48784	109
"3-D44PM"	64521	14034	60704	11317	60586	1065	55380	912	43993	68
"10-D51AM"	64558	10644	61403	8792	61260	904	57591	770	48032	79
"2-D43AM"	64578	12313	59893	9447	59722	794	55386	680	45068	57
"2-D44AM"	64635	12803	59292	9884	59198	797	52336	656	41928	51
"3-D35AM"	64801	17186	60849	14006	60426	1481	55341	1267	42400	134
"5-D51AM"	64814	13098	60971	10627	60645	1212	56530	1003	43770	80
"7-D44AM"	65199	10399	61475	7982	61432	544	58289	440	51414	45
"4-D11"	65219	18054	59910	14415	59581	1275	54202	1042	43559	113
"5-D45PM"	65284	10642	61144	8425	61038	772	57592	653	46668	49
"5-D43PM"	65424	12104	60353	9311	60204	662	55248	567	44213	39
"8-D0PM"	65424	11108	59951	8226	59633	436	46864	339	39607	75
"2-D1PM"	65456	14160	56577	10504	56430	537	49333	406	42786	61
"10-D23PM"	65500	10687	55254	7643	54979	857	50103	548	46261	115
"4-D42AM"	65790	14822	58166	10808	57961	1049	54052	858	44032	64
"1-D3AM"	65842	14467	58837	11103	58618	996	50962	710	41809	94
"10-D30AM"	65905	12994	61249	10504	61103	864	56641	708	47801	101
"5-D2PM"	65926	12980	60192	10050	59964	950	54232	749	46912	91
"5-D45AM"	66035	11579	62172	8982	61958	858	58827	730	46611	51
"10-D57AM"	66102	13476	62336	10542	62037	889	56090	706	45690	92
"7-D23PM"	66109	11948	60831	9649	60472	1031	56455	788	49722	119
"3-D31AM"	66110	19067	60602	15024	60280	1450	53308	1236	42741	126
"6-D54"	66122	13169	60253	10248	60037	855	51431	676	44906	100
"2-D22PM"	66162	15256	62758	12784	62110	1379	58326	1160	49538	162
"2-D50AM"	66306	9763	62014	7663	61840	764	57604	628	51120	87
"4-D42PM"	66454	14801	61768	11542	61524	1159	56007	990	44406	57
"3-D10"	66459	16946	60972	13498	60584	1332	54633	1059	42376	123
"1-D2AM"	66674	15802	60328	12350	60083	831	52963	658	42647	87
"7-D31AM"	66775	13972	62513	11467	62325	928	57215	777	47472	95
"7-D58PM"	66830	12299	63404	9618	63145	959	58442	803	47270	87
"1-D1AM"	66832	12692	60507	9799	60249	584	48652	469	41605	55
"9-D22PM"	66953	13168	62456	10943	62152	1104	58032	895	50669	139
"5-D30AM"	67019	14292	61442	11284	61306	1033	55915	847	47887	98
"2-D30PM"	67146	16070	61604	12451	61386	1293	56191	1060	47680	116
"4-D59PM"	67204	10507	64631	8691	64276	938	59097	775	46703	86
"5-D57PM"	67287	16501	61869	12047	61484	1036	54451	879	41183	81
"2-D22AM"	67419	15404	64093	12904	63382	1381	59716	1157	51432	163
"10-D61"	67495	13206	63670	10265	63424	982	58002	804	47043	86
"9-D43PM"	67650	11278	63755	8461	63714	524	60396	451	53917	46
"5-D57AM"	67921	14963	62845	11310	62473	1141	56045	943	43716	93
"10-D62"	67952	12418	64340	9585	64156	934	59678	794	50158	93
"8-D58PM"	68052	11906	64302	8980	64136	776	59911	646	49751	81
"8-D57AM"	68066	13713	64006	10360	63708	951	58947	802	48066	109
"10-D63"	68096	14258	65119	11723	64812	1470	60249	1296	44966	111
"10-D25"	68124	10563	64995	8763	64624	891	61537	705	56452	146
"4-D57AM"	68132	13902	63868	10480	63549	1024	57638	854	45677	94
"9-D25"	68154	9939	64445	8278	64177	903	61730	721	55963	126
"3-D9"	68187	18604	62266	14524	61914	1265	56168	1015	44448	110
"3-D62"	68268	13527	64483	10658	64161	1214	59200	1028	47773	109
"8-D10"	68321	15003	62855	12041	62658	1015	56821	803	46970	96
"9-D23PM"	68341	12247	61978	9780	61549	996	57176	727	50406	130
"7-D28PM"	68350	13999	65079	11932	64613	998	60127	807	52741	127
"7-D64PM"	68365	10309	65408	8132	65234	903	61228	764	52277	93
"2-D30AM"	68367	17459	62472	13701	62170	1443	56149	1196	45218	123
"3-D43AM"	68392	15509	64200	12295	63902	1187	58195	1009	44752	58
"8-D59AM"	68557	12052	65815	9942	65504	1047	60836	869	46912	98
"2-D45AM"	68592	12882	64904	10587	64806	863	59279	728	47473	58
"7-D63"	68668	12137	65762	9845	65521	993	60850	846	47964	83
"6-D58PM"	68724	13688	64872	10598	64648	892	58520	746	46744	81
"7-D64AM"	68965	11022	65740	8590	65553	868	60999	737	50934	87
"5-D28AM"	69036	14947	65312	12166	64753	1069	60572	888	53633	133
"5-D50AM"	69072	14848	64687	11981	64411	1220	59382	1025	44642	87
"2-D58AM"	69329	18088	64053	13634	63656	1263	57331	1062	43175	114
"10-D29PM"	69448	14137	64813	11486	64629	933	59499	776	49486	105
"8-D23AM"	69556	11226	64939	9096	64711	944	61265	735	54462	121
"4-D50PM"	69678	15679	65637	12887	65292	1308	59128	1110	45805	93
"7-D23AM"	69691	12339	66084	10424	65795	1082	62246	890	54754	135
"4-D44PM"	69706	15728	65393	12837	65150	1178	58488	986	43559	64
"10-D1AM"	69752	13476	63602	10549	63373	545	55791	385	49806	84
"5-D36AM"	69897	14304	62955	11006	62645	939	57916	772	48103	88
"5-D59PM"	69955	15826	65102	12019	64730	1089	58406	916	44648	94
"8-D59PM"	69985	14118	65573	10849	65337	948	58443	760	47029	87
"2-D2PM"	70012	14033	63474	10852	63150	1009	56173	724	47128	90
"9-D1AM"	70055	12541	63427	9464	63312	490	57858	360	52607	85
"3-D2PM"	70091	14896	64008	11855	63720	1055	57574	831	47401	108
"2-D29AM"	70128	17378	63666	13861	63264	1381	57005	1132	45828	107
"6-D1PM"	70132	12327	63834	9510	63714	597	58366	470	51301	110
"9-D24"	70144	9043	65332	7219	65102	837	62382	607	56908	109
"10-D54"	70281	11892	64385	9645	64028	992	57470	778	47347	99
"7-D31PM"	70307	12312	66508	10147	66313	966	62727	835	51884	100
"6-D52PM"	70390	13263	65750	10750	65608	896	59992	723	50598	81
"9-D60PM"	70428	10720	67902	8817	67623	973	63848	824	49815	94
"4-D4AM"	70690	15021	62871	11459	62726	947	54631	703	46132	102
"7-D25"	70716	13375	67357	11257	66917	1071	63621	871	55525	125
"6-D62"	70816	13685	66501	10198	66277	813	60840	662	51852	80
"5-D52AM"	70860	15546	65049	12042	64901	977	58125	804	48620	76
"3-D3PM"	70926	16861	62138	12714	61878	968	52736	685	46130	116
"2-D3PM"	70996	13821	64282	10747	64083	1094	58004	823	48528	110
"9-D52AM"	71090	11623	64578	9133	64487	777	58447	595	51381	77
"7-D22AM"	71121	13142	67779	11244	67393	1130	63780	930	53569	112
"4-D5"	71127	15993	65693	13015	65196	1308	59325	1061	46133	129
"6-D43AM"	71147	13454	66681	10297	66551	732	62359	630	52649	60
"6-D59AM"	71174	12276	67629	9623	67292	801	60433	654	48468	72
"2-D5"	71292	14468	65522	11435	65227	1133	60814	919	50790	116
"4-D7"	71317	18500	63845	14204	63381	1287	56698	998	46094	142
"1-D4PM"	71323	17847	64106	13896	63764	1249	55986	944	45637	126
"3-D22AM"	71587	17620	67975	14783	67223	1545	62810	1289	52267	179
"8-D35AM"	71672	13215	66734	10840	66482	1112	62055	904	51019	103
"2-D50PM"	71715	14171	66573	11136	66265	920	59617	746	50741	91
"7-D35AM"	71919	12901	67101	10402	66941	976	63040	833	51642	93
"7-D58AM"	71944	13284	68220	10482	67990	982	61328	827	49701	81
"3-D31PM"	72033	16588	67882	13689	67550	1573	62490	1331	48940	126
"9-D10"	72038	15020	67712	12453	67517	1092	62828	919	52493	102
"4-D35PM"	72071	19049	65877	15048	65539	1446	58680	1197	47248	120
"4-D23AM"	72073	17746	66580	14515	65795	1333	60397	1034	51590	134
"10-D31PM"	72102	12764	67336	10304	67144	994	62822	836	52111	94
"7-D1AM"	72106	13174	65358	9993	65217	513	58447	380	53258	101
"4-D30AM"	72236	15508	65994	12005	65863	1157	60563	963	51773	113
"8-D50PM"	72258	13591	68054	11098	67877	946	63335	788	52904	83
"5-D53"	72289	18785	65078	13802	64758	1110	58015	947	44572	85
"2-D35AM"	72298	16014	67858	12923	67585	1400	62492	1214	50290	114
"1-D4AM"	72461	16354	64487	12224	64293	965	56548	706	49400	114
"3-D32"	72481	16336	67963	13238	67648	1488	62731	1275	48988	121
"2-D25"	72728	13948	68884	11345	68329	1152	65009	941	57773	125
"10-D59PM"	72829	14771	68218	11226	67949	983	62117	817	50049	88
"2-D6"	72854	18261	66229	14378	65843	1202	59262	974	48487	126
"9-D57PM"	73018	15420	68214	11533	67895	900	61014	739	50046	100
"7-D52PM"	73183	13949	68557	11468	68396	906	62054	742	52156	75
"8-D25"	73332	12586	70195	10672	69717	1044	66704	849	57290	118
"6-D1AM"	73423	13782	66205	10364	66070	513	60474	380	55766	98
"8-D44AM"	73446	11506	69183	8658	69114	524	65652	444	57521	37
"8-D30AM"	73473	13273	68081	10390	67954	798	63207	645	54414	105
"8-D63"	73590	12312	70723	10014	70443	1083	66431	939	53130	86
"6-D2PM"	73612	13595	67509	10629	67296	858	63040	709	53403	135
"6-D50PM"	73724	13389	69644	10917	69499	946	64625	782	53226	76
"4-D51AM"	73802	14200	68943	11329	68690	1094	62620	904	50853	84
"10-D57PM"	73823	17074	68893	13104	68562	946	59535	769	47692	100
"5-D3AM"	74078	15959	66512	12361	66198	1147	58221	851	48717	115
"7-D30PM"	74126	17337	68983	14274	68733	1046	62155	885	49184	103
"4-D52PM"	74237	14025	69672	11241	69432	1037	63673	863	54076	101
"2-D42PM"	74421	16808	69077	12996	68830	1056	63344	921	48551	61
"2-D29PM"	74423	18572	68895	14964	68492	1430	62533	1202	51770	113
"7-D43PM"	74591	11203	70702	8704	70614	659	67230	534	59426	55
"5-D52PM"	74725	17341	67419	13261	67121	1181	58407	969	46031	84
"3-D7"	74797	18201	67424	14358	67046	1309	57668	984	46884	131
"5-D2AM"	74840	16707	68130	13135	67914	975	60936	758	50338	100
"4-D31AM"	74889	22457	69242	18257	68733	1705	60889	1429	45327	129
"7-D8"	74922	15493	70001	12734	69821	989	65221	817	52897	85
"3-D3AM"	75013	15988	66736	12264	66408	1175	58268	869	49416	123
"6-D60AM"	75195	13588	70369	10139	70065	754	62396	592	54019	76
"9-D60AM"	75393	12390	72221	9923	71914	993	66794	853	53498	91
"8-D1AM"	75571	14312	66966	10624	66746	520	57900	329	52806	93
"6-D51PM"	75595	11273	71466	9294	71306	1002	67266	817	55398	76
"2-D61"	75670	18027	70274	13619	69885	1257	63768	1077	48488	106
"3-D11"	75702	18806	70954	15167	70622	1365	65465	1159	52727	144
"8-D58AM"	75735	15127	71411	11591	71131	1032	65453	844	52445	99
"8-D52PM"	75976	13842	71520	11302	71286	979	65967	808	55866	97
"8-D1PM"	76068	16522	69235	12819	68960	708	63210	556	54725	121
"5-D31PM"	76233	18908	70374	15240	69854	1519	63990	1267	49841	124
"3-D25"	76245	15650	70848	12543	70289	1233	65809	988	56181	124
"2-D60PM"	76274	15255	72846	12578	72479	1516	65222	1262	50969	132
"2-D4PM"	76286	17110	68417	12921	68101	1215	61370	895	51682	114
"10-D22AM"	76404	12600	72204	10475	71911	1065	68536	883	59873	121
"4-D58AM"	76480	13228	72149	9924	71846	839	67099	713	55800	84
"10-D58AM"	76575	15095	72331	11969	71860	1006	63344	816	49821	96
"2-D53"	76736	18883	68693	13248	68175	905	60781	730	49830	102
"9-D22AM"	76921	12703	73395	10636	73032	1222	69774	996	61885	147
"9-D1PM"	76999	17299	70206	13629	69811	857	63405	685	52404	127
"2-D31PM"	77089	16109	72452	12933	72156	1427	67606	1212	55995	103
"3-D50AM"	77106	12665	72118	9842	71858	1113	67808	908	56962	102
"10-D35AM"	77297	15104	72623	12448	72361	1155	67520	962	55675	108
"4-D36AM"	77409	20615	69879	15735	69457	1581	62343	1284	48814	119
"10-D53"	77420	16441	72987	13602	72674	1072	65505	893	53926	110
"5-D50PM"	77529	16574	71135	13107	70856	1186	62693	956	47869	76
"10-D23AM"	77589	14430	73039	11082	72585	1042	69520	845	64009	128
"7-D29AM"	77589	14477	73473	11872	73180	1074	68974	902	57851	121
"4-D43PM"	77656	17146	72581	13638	72298	1180	65718	987	49621	50
"8-D22PM"	77680	14699	72997	12155	72642	1059	68039	849	60273	135
"10-D51PM"	77708	12891	73042	10400	72950	784	67745	656	59368	82
"10-D1PM"	77717	18378	69899	14421	69460	872	59987	675	48170	117
"6-D63"	77974	14408	74439	11542	74141	994	68199	848	51090	91
"1-D3PM"	77977	16244	69663	12392	69402	1168	61192	830	50262	109
"3-D36AM"	78161	20890	71826	16432	71511	1500	63863	1243	48599	95
"10-D58PM"	78174	13891	74205	11042	73924	942	66864	773	51705	86
"2-D35PM"	78185	17706	73419	14277	73133	1454	67494	1252	54562	112
"8-D51PM"	78393	14454	72863	11463	72775	891	66562	705	58111	83
"8-D62"	78429	13586	74401	10588	74171	1020	68194	853	56819	92
"6-D11"	78456	15743	74511	13181	74228	1170	69704	998	58158	114
"7-D54"	78601	15022	73567	12105	73305	1034	65571	848	56331	117
"5-D3PM"	78670	16451	69772	12403	69609	933	59681	659	50932	108
"5-D7"	78755	17929	71131	14000	70707	1335	63498	1020	51610	122
"M2-D8-1B"	78989	14731	74746	11355	74319	1165	71210	979	60926	116
"7-D28AM"	79134	14069	75007	11637	74713	967	70711	793	61186	103
"M2-D8-1A"	79141	15287	74743	11793	74341	1152	71177	958	60287	113
"4-D29AM"	79150	18212	73505	14850	73178	1463	67552	1241	55558	123
"5-D43AM"	79290	16889	72199	12138	71971	765	65931	652	51631	50
"8-D44PM"	79443	13376	75211	10272	75128	607	71287	519	61829	41
"5-D23AM"	79525	15658	75409	13182	74980	1163	70587	971	60891	140
"5-D10"	79536	20717	73995	16721	73560	1549	67379	1276	53682	124
"7-D52AM"	79556	13059	74336	10370	74233	800	68736	648	60303	81
"2-D43PM"	79642	16450	74956	13275	74717	1005	67740	853	51428	61
"7-D50PM"	79694	15540	75248	12778	75033	971	69180	804	56331	83
"6-D7"	79729	16351	71354	12798	71123	1150	63051	858	52234	107
"3-D42AM"	79820	16062	71912	11615	71717	1024	65369	791	53372	63
"9-D61"	80002	15026	74910	11013	74672	845	69239	702	57197	97
"10-D9"	80017	16082	74608	13064	74334	1050	69291	894	57595	108
"9-D28PM"	80237	14188	76387	11752	75972	1011	72222	814	64812	143
"4-D59AM"	80254	10796	77483	8842	77125	936	70157	761	56786	93
"M2-D9-3B"	80303	12758	76458	9823	76130	989	73695	850	65186	123
"2-D52AM"	80481	15957	71007	11296	70834	828	60703	610	52112	84
"9-D30AM"	80503	13865	75497	11119	75370	878	70065	710	60926	114
"9-D8"	80508	16414	75298	13524	75010	1139	70089	947	57566	95
"2-D33"	80515	22479	74209	17596	73759	1490	66287	1284	51600	117
"2-D45PM"	80559	12953	77596	10979	77425	984	72378	827	56441	62
"2-D32"	80582	17211	75210	14109	74862	1628	69384	1363	54943	140
"7-D2AM"	80655	15778	73374	12337	73134	937	67247	750	56392	128
"9-D50PM"	80721	15533	75807	12349	75630	978	70568	834	57059	82
"4-D60PM"	80752	14314	77014	11405	76652	1030	70789	874	57985	104
"2-D44PM"	80791	17970	75656	14402	75437	1085	68427	937	50780	64
"3-D45AM"	80824	15173	76359	12249	76183	1066	69652	879	54925	62
"6-D25"	80847	14062	77016	11870	76623	1122	73203	944	63016	116
"8-D31PM"	80858	14256	76341	11769	76133	1115	71675	934	59145	109
"8-D3AM"	80939	14508	72985	11305	72772	992	66577	749	58024	140
"M2-D10-1A"	81221	16092	75742	11936	75428	1084	71373	915	60596	119
"6-D60PM"	81223	12757	77397	9807	77154	794	72454	663	60008	75
"3-D35PM"	81238	22795	74979	18090	74569	1565	66873	1306	50278	120
"5-D35PM"	81245	18123	75252	14671	74773	1109	68550	908	55190	113
"4-D38"	81327	17699	69672	12290	69388	909	61854	691	53923	70
"6-D2AM"	81382	17624	73746	13763	73527	904	67168	718	56251	131
"8-D43PM"	81481	13441	76475	9846	76423	510	72288	422	63481	41
"7-D22PM"	81491	15415	75846	12519	75412	1122	70405	895	62119	138
"4-D39"	81636	20408	74130	14582	73751	964	68310	807	54831	69
"8-D8"	81920	16654	76960	13549	76706	1065	71990	891	57895	89
"8-D22AM"	82029	14211	78173	11922	77762	1221	74115	1030	63339	130
"M2-D9-1B"	82071	14521	77664	11025	77292	1117	74086	935	63157	113
"1-D7"	82162	20328	73988	15946	73543	1394	64818	1071	50613	127
"6-D45AM"	82201	11680	78171	8992	78078	737	74920	623	65117	59
"3-D16"	82273	19868	57072	12127	56893	1114	44247	689	37768	88
"6-D42AM"	82408	12611	75689	9142	75589	743	72086	621	62777	51
"9-D39"	82466	11281	74994	7781	74912	543	71728	440	66663	55
"7-D10"	82795	17109	78279	14287	77962	1166	72634	983	60768	117
"10-D44AM"	82865	11553	78373	8651	78331	517	74919	417	67714	33
"6-D4AM"	82878	16986	74921	13261	74556	1097	67558	827	56870	118
"8-D29AM"	83226	15212	78084	12418	77866	1053	73065	874	59047	109
"2-D31AM"	83269	22275	76423	17487	76078	1525	68497	1305	54374	112
"1-D6"	83283	20684	75815	16322	75388	1328	67614	1057	54225	124
"10-D52AM"	83382	13543	77978	10877	77846	860	71960	689	62637	79
"2-D42AM"	83523	15635	74860	11576	74627	1015	69734	861	56377	70
"7-D62"	83537	14458	79573	11325	79308	1090	73799	911	60930	101
"7-D59PM"	83667	15126	79227	11709	78923	1004	72675	866	59598	86
"6-D37AM"	83712	15794	74451	11899	74322	726	66868	544	58541	68
"3-D2AM"	83720	18695	75838	14599	75543	912	66671	723	56436	104
"4-D37PM"	83756	19864	75031	14788	74781	1126	66499	901	56386	79
"5-D22PM"	83805	18761	77808	15019	77227	1442	71392	1132	62499	158
"8-D9"	83836	17597	78619	14462	78339	1174	72623	984	60257	121
"10-D42AM"	83914	14103	76079	9466	75939	667	72045	542	61149	45
"8-D28AM"	83922	16551	79707	13885	79278	1060	74466	878	62477	121
"8-D60AM"	84027	14116	80755	11501	80425	1153	75694	997	60303	96
"4-D2PM"	84037	15891	77130	12515	76833	964	70305	756	59559	95
"3-D51PM"	84065	13972	78761	11116	78374	1080	73465	891	61801	105
"6-D3AM"	84304	15426	76429	12087	76159	956	68974	734	59429	128
"5-D61"	84425	18007	78846	13846	78478	1396	69836	1176	53792	93
"8-D31AM"	84512	16595	78661	13382	78416	1088	72536	887	60755	117
"3-D45PM"	84528	15882	80646	12803	80399	1135	75402	964	58878	69
"4-D50AM"	84579	17136	80292	14142	79831	1495	72549	1236	55351	102
"2-D47"	84620	16790	80689	13739	80389	1421	74907	1209	57126	85
"9-D33"	84669	13918	79791	11301	79594	1124	75679	939	64067	112
"4-D36PM"	84682	19209	78306	15198	77884	1436	71381	1188	57872	113
"10-D24"	84708	12578	80552	10214	80215	928	77504	778	67929	119
"5-D4AM"	84754	20238	75561	15533	75140	1284	65853	952	54029	133
"5-D38"	84889	15997	75856	11002	75661	819	70205	672	60825	57
"10-D43PM"	84931	12342	80381	9210	80323	517	76664	429	68571	39
"5-D42AM"	84978	16531	75743	11749	75472	930	67807	781	54749	59
"7-D61"	85173	16278	80192	12351	79933	1014	73421	840	61222	85
"9-D35AM"	85219	15666	80369	13085	80021	1236	75149	1037	60872	115
"8-D57PM"	85267	17074	79312	12447	79033	976	71110	763	58670	105
"4-D62"	85280	17058	80026	13111	79652	1133	72688	956	57805	99
"6-D45PM"	85612	12208	80995	9192	80885	805	77351	670	66034	59
"8-D52AM"	85628	14740	79177	11671	79058	893	72423	692	63508	94
"10-D35PM"	85694	18764	79652	15221	79341	1195	72905	966	59214	103
"9-D9"	85804	16917	80432	13963	80140	1166	74643	974	62339	108
"9-D3PM"	86024	15068	76889	11368	76732	799	68719	569	61923	110
"10-D2AM"	86173	15672	79087	12427	78778	1000	73119	808	62477	136
"9-D2AM"	86323	16437	78849	12850	78589	940	72854	770	60429	119
"10-D39"	86381	12133	78040	8479	77947	640	74158	529	67655	49
"4-D53"	86405	14965	81340	11965	81013	1089	74646	916	62736	96
"7-D3PM"	86548	15603	77115	11704	76988	747	68471	515	60910	103
"9-D59PM"	86562	16764	81620	12910	81320	1003	74756	835	57665	95
"6-D28AM"	86578	16242	80408	12890	80046	989	74169	794	63948	106
"9-D4AM"	86676	16714	77752	12922	77491	993	69530	751	58604	121
"7-D42PM"	86687	15011	81650	11292	81505	786	77367	678	66029	59
"M2-D10-1B"	86852	16929	81358	12767	80959	1222	76761	1014	65378	121
"9-D7"	86922	17562	79619	14002	79369	1215	73503	991	60988	118
"10-D33"	87078	16369	80462	13061	80136	1156	74332	956	60289	113
"9-D42PM"	87100	16222	81685	11852	81550	766	77997	666	64937	43
"10-D47"	87176	13643	83159	10817	82963	959	79271	802	65819	85
"10-D37AM"	87214	15241	74716	10722	74579	615	67137	463	60133	56
"M2-D9-2B"	87309	14898	82581	11291	82228	1096	78770	908	68314	115
"1-D2PM"	87366	17812	80122	13707	79564	959	73784	750	61870	105
"6-D44AM"	87381	16623	81470	12454	81295	819	76155	709	62424	55
"7-D37AM"	87450	16788	78390	12353	78278	648	71438	511	62359	68
"5-D42PM"	87551	16996	79036	11873	78791	805	71653	695	57555	54
"7-D51PM"	87908	11630	83546	9449	83450	901	79633	754	68243	76
"3-D5"	87911	18752	80908	15327	80330	1462	71552	1149	56346	141
"5-D37AM"	87930	16566	78508	11709	78366	614	70002	479	64439	53
"4-D31PM"	88074	20421	80922	16260	80449	1701	72564	1370	56747	118
"7-D30AM"	88210	15154	80004	11537	79882	824	72172	628	62571	105
"4-D45PM"	88225	15250	84484	12560	84260	1151	79220	998	61950	71
"6-D50AM"	88252	14227	84284	11590	84074	1083	79542	900	66825	84
"M2-D10-2B"	88279	17028	81970	12543	81565	1207	76215	959	65902	120
"8-D51AM"	88423	13308	82164	10605	81970	1136	75976	895	64205	91
"3-D43PM"	88436	22790	81894	17608	81491	1399	71645	1196	50350	72
"9-D42AM"	88623	14874	81111	10436	80970	681	76899	583	65161	48
"2-D37PM"	88624	16012	80726	11495	80619	748	74389	588	65813	58
"5-D31AM"	88652	24515	80563	19103	80091	1663	71693	1394	55642	126
"10-D32"	88665	19890	82464	16292	82199	1152	75058	961	61336	97
"4-D61"	88730	17156	83060	12811	82637	1085	74910	897	60166	98
"7-D5"	88810	18562	81178	14636	80899	1164	74308	943	61279	117
"2-D10"	88844	22654	81416	17789	80935	1467	73784	1195	58990	136
"3-D47"	88978	16855	85055	14036	84697	1466	78811	1244	61388	109
"2-D2AM"	89034	20517	80583	16211	80337	983	69889	755	57941	108
"7-D35PM"	89038	19023	81351	14989	81086	1205	74282	972	61382	107
"6-D42PM"	89042	15170	83328	11388	83183	821	78682	699	66091	55
"8-D61"	89121	15225	84347	11536	84088	1088	79019	926	66186	94
"8-D2AM"	89123	17514	81750	14000	81441	956	75336	759	63300	139
"6-D35AM"	89162	14953	84450	12192	84269	1147	79632	959	66167	96
"M2-D10-3A"	89381	16679	83625	12306	83340	1122	79301	935	67661	108
"8-D42PM"	89662	14841	84586	10660	84491	528	81369	486	69069	37
"9-D43AM"	89744	17005	84024	12557	83902	715	79270	625	65750	43
"9-D28AM"	89837	22425	85891	19530	85028	1191	78091	1000	62853	143
"8-D29PM"	89978	19569	83603	15729	83303	1086	76933	912	60763	117
"4-D33"	90072	22433	82861	17731	82550	1487	73888	1229	59179	120
"8-D4PM"	90449	15713	83868	12653	83561	1155	77527	919	65415	133
"2-D21AM"	90455	23188	83913	18931	83382	1669	75911	1347	58562	155
"M2-D8-2A"	90652	16147	85907	12383	85468	1204	81757	1016	70075	121
"6-D43PM"	90715	13460	85456	10174	85297	789	80966	643	69501	50
"7-D53"	90761	17253	85126	14136	84834	1071	76949	877	63716	96
"M2-D9-1A"	90845	15704	86149	12027	85706	1132	82254	981	70586	123
"8-D37PM"	90996	16344	81815	12027	81642	700	74383	551	66421	68
"3-D4PM"	91206	21076	83881	17068	83239	1457	75116	1184	58988	133
"10-D5"	91279	18660	83477	14708	83235	1094	76072	850	65448	134
"3-D30AM"	91556	20704	84944	16474	84631	1563	77563	1329	61644	112
"M2-D8-3A"	91712	16573	86881	12775	86488	1220	81955	1037	68904	119
"5-D39"	91824	18823	84109	12706	83805	768	79185	675	68500	60
"7-D3AM"	91841	15831	82836	12064	82646	891	75230	673	64611	109
"4-D45AM"	91845	15652	86928	12584	86797	986	80592	841	65596	65
"5-D6"	91927	21825	83742	17378	83281	1579	72024	1254	56823	157
"5-D5"	92055	23120	83345	18102	82774	1384	73401	1094	59065	141
"7-D36AM"	92085	14420	85338	11280	85198	904	80514	745	68351	97
"9-D31PM"	92181	15330	87493	12650	87166	1135	82774	956	68425	118
"4-D29PM"	92303	23754	83275	18552	82771	1678	72322	1348	56308	121
"8-D53"	92401	18305	84852	14563	84546	1140	74965	878	62337	102
"3-D4AM"	92470	19689	81248	14786	81006	1149	67892	782	58161	122
"6-D30PM"	92558	14875	86264	11743	86140	908	80939	743	70137	101
"4-D47"	92629	16312	88851	13748	88480	1348	82238	1152	62813	84
"7-D1PM"	92704	22600	83945	17491	83411	841	74978	668	63239	121
"6-D57AM"	92976	13957	88317	10803	88007	918	79641	752	68591	92
"5-D4PM"	92978	19214	85918	15531	85345	1357	77774	1095	61734	140
"3-D38"	93015	20738	83613	15535	83306	1189	74576	928	62075	77
"6-D6"	93156	17770	85587	14090	85355	1151	79337	925	66199	108
"7-D51AM"	93222	13434	89045	11109	88800	1090	84192	913	69681	82
"M2-D8-2B"	93297	17268	87639	13099	87161	1278	81771	1023	69651	114
"9-D37AM"	93318	17195	81604	12605	81509	649	72655	466	64997	62
"2-D7"	93392	22684	84268	17704	83728	1460	74569	1129	59409	147
"6-D29PM"	93594	19786	87771	16211	87450	1202	80426	1006	64883	116
"9-D18"	93852	20529	87462	16877	87204	1247	80470	1038	64842	109
"10-D60PM"	93891	14769	90412	12193	90051	1173	83959	981	66726	100
"8-D3PM"	94124	16960	84143	12815	83964	830	75199	610	67373	125
"2-D39"	94137	23436	84050	16869	83723	1000	75671	822	63307	63
"5-D46"	94290	18716	88647	15298	88407	972	81050	843	63112	70
"7-D33"	94622	17732	88680	14446	88386	1178	82712	997	66299	100
"10-D50AM"	94781	16511	89948	13354	89729	954	84229	811	69415	79
"10-D3AM"	94821	17027	84327	12718	84105	938	76443	682	66351	120
"6-D5"	94904	19374	86530	15136	86228	1107	79301	912	66884	112
"6-D36PM"	94973	15007	87555	11724	87411	995	81279	803	68278	79
"5-D36PM"	94993	14881	86942	11242	86667	854	81027	703	69721	70
"4-D37AM"	95029	21074	84709	15655	84488	1126	74398	872	63178	81
"6-D30AM"	95099	14902	89137	11790	88988	901	83725	717	74372	103
"7-D43AM"	95190	16856	89698	12942	89499	872	84303	734	69895	57
"3-D36PM"	95217	22716	89191	18387	88694	1656	80759	1395	62004	111
"10-D60AM"	95303	15895	91341	12942	90909	1151	83432	968	67287	106
"6-D61"	95416	18769	89304	14075	89016	978	81381	805	64164	87
"4-D2AM"	95527	20539	86460	15976	86148	843	76503	668	61797	83
"10-D37PM"	95567	17802	84696	12978	84508	716	77364	572	67445	64
"5-D44PM"	95627	18823	86777	13887	86548	824	77220	691	60291	52
"10-D50PM"	95936	16500	90794	13174	90552	1051	85236	882	70490	90
"7-D42AM"	96078	17088	87918	12134	87694	861	82553	741	68464	70
"3-D29PM"	96289	23505	89810	19051	89273	1717	81420	1451	65471	137
"8-D47"	96452	14284	92463	11615	92267	1043	88066	867	73546	88
"9-D45AM"	96632	14326	91931	11156	91801	843	87502	712	72971	56
"3-D14"	96654	24399	85553	18347	84972	1514	73893	1108	60343	134
"10-D52PM"	96698	17075	91180	13913	90971	1084	83903	905	69214	90
"6-D9"	96931	19409	87063	14876	86803	1170	77812	898	64875	94
"M2-D10-2A"	97014	17857	91016	13414	90584	1226	86147	1039	73988	121
"9-D44PM"	97187	18366	90826	13559	90671	796	85677	697	71248	49
"9-D53"	97200	18295	90882	14952	90567	1056	81875	861	68088	94
"8-D43AM"	97203	17542	90177	12401	90047	622	83867	540	69732	40
"8-D38"	97270	15908	89167	11187	88998	544	83988	455	77553	53
"10-D22PM"	97309	17305	90894	14035	90502	1175	85370	947	74426	134
"9-D51AM"	97523	14330	92020	11639	91819	1035	86515	868	71481	84
"8-D2PM"	97571	17667	88966	13728	88704	1013	82788	819	70543	145
"10-D31AM"	97582	17902	91751	14549	91471	1215	86018	1022	70245	104
"8-D32"	97652	21645	89938	17228	89692	1130	81336	909	67065	111
"5-D32"	97843	22548	88388	17766	88008	1171	79699	968	65514	134
"7-D44PM"	97916	18265	92023	14110	91866	834	85878	711	72588	63
"6-D4PM"	97931	17731	89814	14042	89460	1233	82889	966	67727	114
"6-D46"	98377	19652	92156	15375	91904	967	85390	768	70218	70
"7-D50AM"	98377	16522	93572	13586	93339	1147	87512	962	71094	87
"8-D6"	98549	17997	88876	13892	88610	1123	81154	868	68089	107
"9-D62"	98592	17539	93078	13176	92760	976	85269	830	69779	102
"4-D46"	98775	21099	93576	17357	93250	1293	84666	1122	66379	71
"6-D36AM"	98789	17180	91228	13577	91022	1088	85255	926	69216	78
"3-D6"	98857	23231	90288	18398	89772	1481	79336	1205	63778	150
"8-D42AM"	99100	14846	92400	9948	92255	480	89272	421	77481	43
"8-D35PM"	99176	20898	91828	16898	91472	1213	83459	1003	67952	113
"7-D60PM"	99256	15587	95395	12527	95003	1153	89200	987	70809	87
"7-D38"	99441	18554	91048	13718	90882	780	84664	647	75402	71
"2-D38"	99447	21021	89640	14848	89390	937	82235	761	69809	62
"7-D47"	100184	16349	95875	13463	95583	1129	90469	953	74662	99
"8-D30PM"	100190	19758	93676	16144	93415	1082	85514	896	70799	115
"6-D33"	100203	20603	93291	16690	92990	1242	85451	1035	68636	101
"6-D51AM"	100307	12945	95737	10596	95570	970	91326	799	78091	81
"7-D7"	100747	18746	90842	14702	90541	1257	81636	957	66598	121
"2-D36AM"	100894	24506	93198	19400	92817	1612	83842	1348	63968	104
"10-D45AM"	101024	15420	96359	11994	96157	857	91786	738	76582	60
"7-D4PM"	101270	17589	93710	14125	93400	1180	87115	955	70744	117
"4-D6"	101419	25058	91443	19289	90936	1384	81692	1119	65449	134
"M2-D10-3B"	101825	19091	95386	14166	94979	1253	90209	1046	77272	124
"10-D7"	102042	20067	93613	15926	93238	1241	86642	1016	73656	124
"10-D43AM"	102148	18483	95943	13626	95797	722	90883	642	77239	45
"9-D37PM"	102743	18816	92013	14081	91772	780	83903	628	72442	70
"8-D37AM"	102746	17140	92070	12365	91959	635	84587	492	77107	63
"6-D29AM"	102918	19497	97057	15853	96618	1175	90840	973	74940	115
"7-D9"	102950	19681	95719	15701	95377	1191	89056	996	74428	116
"9-D29AM"	103127	17843	96934	14404	96574	1237	91112	1031	75030	118
"7-D2PM"	103313	16955	95283	13168	94994	957	90217	793	77318	128
"5-D37PM"	103454	19084	93309	13227	93065	861	86200	720	75579	54
"4-D16"	103554	22489	88287	16073	88010	1232	77059	889	65463	125
"10-D4PM"	103614	17773	95837	14289	95434	1165	89810	955	73259	115
"8-D46"	104000	17003	98155	13282	98054	752	92100	603	79263	67
"7-D37PM"	104194	20255	93102	14823	92843	868	84417	644	71085	71
"6-D32"	104195	22265	97213	18179	96883	1268	88587	1043	71974	107
"8-D21PM"	104198	16930	97983	13822	97662	1237	92541	1035	77896	113
"9-D4PM"	104427	17672	97194	14469	96732	1246	90783	1035	75996	131
"9-D51PM"	104544	17170	96947	13576	96864	855	89050	679	78293	70
"9-D32"	104609	23430	97922	19329	97578	1282	88303	1091	70713	122
"9-D3AM"	104851	17805	94721	13606	94481	1003	87503	796	74841	125
"10-D4AM"	104929	20078	94858	15699	94431	1127	85116	859	72520	130
"6-D31PM"	104953	18417	99192	15214	98873	1232	93028	1039	76082	107
"5-D29PM"	105331	26985	97192	21779	96620	1740	86521	1434	67074	130
"8-D45AM"	105409	13995	99597	10518	99472	780	94588	652	81620	58
"7-D32"	105490	24446	95747	19284	95394	1222	83757	976	65982	102
"M2-D8-3B"	105965	18027	100521	13759	100055	1221	95730	1008	82815	117
"10-D36PM"	106634	19225	96142	14708	95995	798	87187	631	75419	82
"9-D50AM"	106725	17746	101233	14256	101007	1072	94917	915	77535	82
"10-D21PM"	107329	18650	95858	14123	95484	1281	87327	983	71281	107
"8-D45PM"	107499	20329	100697	15262	100486	791	94271	680	78610	58
"3-D39"	107580	24456	99683	19326	99275	1226	90844	1049	71529	87
"9-D45PM"	107752	20543	101350	15994	101095	981	94147	840	77319	68
"10-D30PM"	107799	22950	98951	18289	98572	1187	88243	985	71640	117
"3-D37AM"	107813	21854	94888	15624	94710	979	80371	681	69183	64
"7-D45AM"	107854	15916	102745	12341	102505	950	98283	813	81972	77
"2-D37AM"	107902	19816	99468	14923	99275	896	89638	688	76183	64
"9-D2PM"	107993	16924	99057	13074	98818	979	92479	775	78121	113
"10-D3PM"	108265	18718	96910	14149	96691	912	87752	666	78865	126
"9-D52PM"	108379	21112	99911	16825	99550	1179	89451	966	73398	97
"7-D29PM"	108402	21803	102111	17922	101692	1262	94163	1041	76739	127
"8-D11"	108521	19900	96291	15117	96069	1152	86144	833	73275	101
"8-D39"	108853	17963	100372	12404	100222	549	95383	468	85470	43
"6-D38"	109052	19239	100275	14549	100092	770	92534	627	81278	62
"8-D5"	109258	21516	98370	16657	98068	1248	86890	951	73080	131
"7-D45PM"	109556	16257	104410	12728	104157	989	99297	838	82457	79
"9-D46"	110031	19092	103317	15050	103093	1057	96142	848	78923	68
"8-D4AM"	110124	20491	95707	15096	95373	1141	81974	780	69938	124
"6-D39"	110136	19321	100393	14265	100219	755	92487	622	80670	59
"2-D14"	110195	27325	98737	20899	98201	1560	86317	1139	68830	122
"10-D44PM"	110201	17232	104357	12831	104245	751	99614	659	84858	48
"2-D4AM"	110487	23002	96671	16835	96437	1109	83147	786	72250	112
"M2-D9-3A"	110523	17872	104897	13662	104396	1298	100090	1067	86821	128
"9-D64PM"	110807	22249	104098	16588	103686	1165	95601	1005	76333	111
"2-D36PM"	110847	21837	103440	17120	103076	1450	95743	1212	78127	94
"7-D39"	111281	20984	99752	14993	99548	811	92263	669	79777	67
"10-D2PM"	111288	16705	102734	13206	102435	1120	96794	892	81973	137
"7-D46"	111540	20344	105391	16260	105158	1053	98104	864	80358	88
"1-D5"	112199	23816	103666	19291	103170	1579	95122	1294	73435	122
"9-D6"	112303	20596	101007	16031	100692	1262	90299	979	73584	117
"2-D46"	112325	23221	105687	19019	105336	1252	92929	1018	70500	78
"6-D31AM"	113039	22423	106733	18414	106368	1256	98647	1067	81235	114
"9-D30PM"	113412	21712	107081	17945	106755	1281	98774	1061	80201	125
"10-D36AM"	113628	18742	104623	14440	104393	1144	97679	942	79874	94
"8-D36PM"	113839	17006	104539	13096	104285	1006	98415	799	82723	90
"9-D36AM"	114949	20536	103742	15780	103381	1313	94707	1045	76527	128
"8-D33"	115596	18335	108682	14859	108447	1135	102028	950	84727	107
"7-D21PM"	115599	20557	107528	16601	107051	1417	99948	1139	81519	120
"8-D64PM"	116124	22503	109357	17065	108922	1284	100396	1085	80078	107
"5-D16"	116287	25435	101399	19071	101052	1495	85695	1051	72435	127
"8-D50AM"	117085	19618	109262	15408	108956	1237	100590	1001	83646	86
"9-D35PM"	117465	24801	108867	20243	108394	1451	99285	1184	78358	119
"8-D64AM"	117929	17892	111781	13806	111508	1212	102301	1009	84578	92
"6-D35PM"	117982	24275	107351	19176	107011	1352	96243	1091	76804	105
"6-D47"	118008	17619	112558	14156	112349	1108	106642	934	88533	82
"9-D36PM"	118837	21986	106947	16758	106791	839	96357	645	81899	90
"10-D38"	119201	22160	107596	15836	107318	789	98631	653	86834	60
"10-D18"	119332	24230	111736	19858	111375	1392	103446	1166	83190	113
"6-D37PM"	120290	22249	103867	15773	103638	951	89384	671	76076	68
"6-D44PM"	120358	21204	112914	16222	112746	888	105431	775	86657	53
"5-D21AM"	121720	26776	112504	21562	112059	1718	100749	1392	83660	147
"9-D38"	121796	21501	107247	15208	107028	761	97342	619	87037	65
"9-D47"	121919	18897	116224	14967	115910	1165	110470	994	90859	86
"10-D45PM"	121947	21673	115089	16967	114849	927	107025	781	86813	63
"10-D42PM"	122069	20055	114665	14391	114517	735	109512	666	91906	42
"3-D33"	122713	35324	112789	27447	111931	1957	100013	1702	71118	135
"4-D14"	122832	30260	108295	22296	107804	1619	94644	1178	74775	117
"5-D21PM"	122868	28304	111742	22478	111187	1802	98066	1427	78930	143
"5-D18"	123023	31885	111067	25304	110231	1911	95321	1462	74763	154
"9-D14"	124160	21815	106926	15637	106779	986	94094	689	83238	97
"M2-D9-2A"	124952	22099	118720	17118	118019	1487	112922	1250	92780	133
"6-D52AM"	125096	20577	116723	16184	116586	964	107733	766	94140	85
"10-D46"	125357	20547	118829	16425	118491	1083	111210	911	90888	84
"8-D7"	125468	21056	114058	16525	113768	1296	104583	1004	87172	117
"7-D6"	125725	23621	113238	18344	112867	1241	102743	968	84477	113
"5-D47"	125800	21340	117412	16974	116971	1437	107546	1215	83215	79
"9-D16"	125987	23521	100531	16062	100364	1069	85992	727	73568	89
"9-D11"	126869	23970	113526	18401	113201	1335	101242	986	83633	101
"7-D36PM"	126910	19881	115136	14945	114845	1051	108066	835	89189	87
"10-D16"	127559	21156	105334	14391	105186	1045	92003	720	80045	87
"4-D21PM"	128407	32502	116171	24931	115326	1696	102801	1333	83860	155
"6-D21PM"	128507	24747	119453	19978	119089	1388	109564	1151	89262	122
"9-D5"	128545	26031	117582	20586	117149	1380	106514	1132	86938	128
"2-D16"	128691	26449	113706	19804	113319	1342	99682	963	83260	126
"5-D33"	129649	27568	115032	21134	114327	1154	103571	934	80262	128
"3-D18"	130278	32428	121553	26201	120853	1768	110397	1496	89445	152
"8-D36AM"	131546	19484	122074	15340	121806	1160	115204	960	94092	97
"8-D16"	131811	23113	116635	17016	116405	1160	105129	857	91086	115
"10-D6"	132602	24512	117109	18596	116726	1397	101575	1003	84114	121
"7-D14"	137739	24920	117262	18032	116853	1328	102125	920	84379	98
"9-D21PM"	138580	22266	129983	18315	129429	1481	122010	1230	98877	129
"10-D64PM"	139127	23157	131774	17225	131330	1236	122751	1037	101535	102
"5-D14"	139952	30856	125782	23149	125073	1860	110281	1361	90059	135
"3-D21PM"	141234	35075	131249	28213	130368	1946	118220	1615	91749	168
"6-D14"	142273	25230	120655	18059	120349	1316	105545	904	89397	87
"2-D21PM"	142368	37338	131596	29985	130501	1941	117432	1590	91240	158
"8-D14"	143957	25699	126848	19340	126521	1320	112466	968	92555	92
"10-D14"	145075	24494	127353	18176	127169	1130	113188	828	97850	88
"9-D31AM"	145319	26973	136188	21964	135745	1356	125620	1163	101413	118
"3-D21AM"	148640	37332	138657	30252	137589	2044	125546	1683	96754	163
"6-D18"	149553	29496	139245	23781	138814	1500	128676	1245	104301	137
"4-D21AM"	149733	37312	138129	29576	137253	1878	124070	1543	99090	158
"7-D4AM"	149952	25919	135430	19715	135050	1266	123530	995	104885	131
"7-D11"	149988	28347	132076	20931	131780	1313	117266	967	95257	97
"6-D16"	155650	28056	134799	20510	134613	1252	119227	913	103067	103
"10-D21AM"	157286	29871	146124	24244	145684	1455	133581	1210	109024	117
"2-D18"	157467	39755	145879	31982	144812	1908	131192	1557	102459	156
"6-D3PM"	158453	25989	135672	18367	135462	970	115150	635	102054	112
"8-D21AM"	159843	31033	147063	24690	146629	1519	133483	1257	107346	122
"7-D16"	159922	29005	139476	20917	139259	1211	123682	892	105792	95
"3-D46"	164397	30128	156303	24542	155931	1370	142802	1141	109624	81
"7-D21AM"	165979	33372	143455	24965	142835	1517	123227	1186	99841	117
"10-D11"	166820	30613	127146	19951	126854	1287	104580	873	85757	83
"4-D18"	168687	41411	157742	33979	156527	2055	142960	1712	108249	160
"8-D18"	187127	36879	175102	30097	174559	1600	162014	1358	130184	131
"9-D21AM"	194884	40385	180368	33117	179610	1713	161409	1416	123115	135
"7-D18"	195630	43393	183157	35685	182416	1777	166288	1494	126847	136
"6-D21AM"	205035	36165	192162	29408	191569	1697	177131	1440	144604	130
"sample_Reverse reads"	"raw.all_Reverse reads"	"raw.Uniq_Reverse reads"	"afterTrim.all_Reverse reads"	"afterTrim.Uniq_Reverse reads"	"afterDenoise.all_Reverse reads"	"afterDenoise.Uniq_Reverse reads"	"afterMerge.all_Reverse reads"	"afterMerge.Uniq_Reverse reads"	"afterBimera.all_Reverse reads"	"afterBimera.Uniq_Reverse reads"
"10-D0AM"	371	357	225	202	197	21	87	19	86	18
"2-D0AM"	5178	3229	4509	1603	4465	101	3998	119	3952	107
"3-D0AM"	5231	3127	4579	1430	4544	106	4025	125	3971	107
"9-D0AM"	6977	4221	6061	2052	5975	125	5114	135	5010	125
"6-D0AM"	8960	4436	8129	2160	8098	137	7312	166	7212	128
"4-D0AM"	9134	5980	8149	2964	8094	116	6408	142	6344	120
"5-D0AM"	12040	6129	10891	2923	10830	161	10027	212	9757	135
"8-D0AM"	12985	6385	11732	3060	11686	194	10820	253	10489	160
"2-D0PM"	13582	7393	12328	3157	12261	157	10986	196	10763	142
"4-D0PM"	15822	9178	14220	4526	14117	154	12877	188	12630	143
"7-D0AM"	22593	10743	20658	5074	20593	239	17655	325	16908	164
"2-D8"	33371	17896	31084	8674	31031	357	28758	521	25292	96
"inoculum1-5"	34276	17617	32522	8428	32300	362	29119	476	26308	203
"4-D8"	34634	24247	31346	12762	31255	315	28273	475	24659	86
"1-D0AM"	34848	18387	31684	6307	31402	153	25050	189	23052	97
"5-D8"	35751	19876	32970	9487	32911	332	31051	504	27626	81
"5-D60AM"	36044	21101	33547	10324	33450	389	30480	651	24797	88
"6-D8"	37429	18431	35024	9116	34940	261	33112	397	30193	82
"2-D57PM"	37764	22473	35195	10393	35091	469	31770	723	25755	86
"2-D59PM"	38539	21965	36821	9446	36752	433	33844	687	27513	85
"2-D59AM"	39959	23343	37990	9936	37910	536	34369	845	26023	99
"6-D64PM"	42250	21945	39976	11574	39873	322	36131	555	30403	81
"4-D23PM"	42284	25344	39587	12443	39439	624	36328	782	32029	131
"3-D53"	43614	25816	39937	13246	39784	439	35541	651	29425	100
"1-D0PM"	43903	28639	39889	9862	39827	189	31234	278	26679	103
"2-D23AM"	43942	28866	40359	13546	40228	470	37950	621	35104	117
"3-D64AM"	44624	23076	42649	9580	42579	616	39243	962	30729	89
"3-D60AM"	44760	23099	41925	10173	41827	513	38045	812	29783	92
"3-D57AM"	44862	30687	41244	13744	41050	474	37170	699	29787	103
"5-D1AM"	45560	32510	39487	17094	39214	221	33851	414	29982	57
"4-D24"	45716	34824	41430	18968	41230	520	37797	723	33045	130
"3-D8"	45798	23897	42379	11654	42282	406	39179	597	33870	97
"5-D23PM"	45965	27750	43406	13589	43250	646	39430	766	34937	141
"3-D0PM"	45985	28825	41888	11999	41802	158	30497	223	26476	77
"3-D51AM"	46288	23678	42557	11735	42450	342	38241	522	33773	75
"2-D64PM"	46903	24723	44329	10870	44241	529	39969	839	32047	94
"5-D64AM"	47270	24509	44568	11029	44466	572	40133	895	32330	92
"9-D29PM"	47371	22757	44327	11279	44252	481	40710	715	32576	100
"9-D58PM"	47603	22531	45193	11319	45070	308	40902	560	33455	75
"5-D0PM"	47614	31649	43311	12630	43220	141	31284	209	25210	68
"9-D23AM"	47723	26243	44693	12486	44491	666	41058	806	36374	125
"9-D54"	47840	28091	43133	15109	42967	374	38752	625	33030	102
"2-D3AM"	47916	31659	42863	15257	42674	392	37244	615	31972	93
"8-D54"	48309	28872	43476	15580	43315	385	38556	642	32584	99
"2-D63"	48364	26502	45937	10697	45740	617	40977	1016	26597	104
"3-D57PM"	49001	32219	45797	15521	45589	469	41269	723	32665	99
"4-D64AM"	49007	26547	46580	12058	46454	659	42121	1000	30202	105
"5-D64PM"	49350	26268	46614	11519	46511	539	42488	861	34719	88
"5-D28PM"	49624	31026	46194	14895	46006	628	40887	786	35245	131
"2-D23PM"	49680	24993	46701	11523	46562	654	43443	841	38359	134
"2-D24"	49802	37130	44875	19582	44683	504	41335	699	36881	109
"9-D64AM"	50111	22657	47489	11344	47369	422	43557	684	34772	88
"6-D0PM"	50213	33545	46041	16415	45948	132	30907	196	27128	58
"3-D60PM"	50488	23856	48405	10150	48310	586	44901	911	35121	97
"5-D29AM"	50722	26761	47325	13276	47140	841	41064	1159	28503	101
"4-D51PM"	50805	23551	47802	11397	47691	540	44476	795	37285	82
"4-D64PM"	51071	25008	48209	11437	48113	509	44593	815	36112	90
"4-D9"	51119	31385	47162	15110	47026	645	42909	940	35386	121
"3-D59PM"	51160	28597	49230	12295	49127	472	43669	798	35674	98
"5-D62"	51318	23985	48342	10333	48223	657	44208	1010	35160	101
"2-D51AM"	51366	26213	48233	12641	48136	523	43347	786	35813	92
"4-D30PM"	51645	34957	46771	18240	46636	509	42151	810	36545	110
"5-D58AM"	51732	28427	48051	12612	47923	399	43936	681	35333	70
"5-D24"	52081	36897	47732	19210	47550	553	43791	738	39376	127
"2-D51PM"	52099	23191	49646	10813	49547	518	46134	830	38382	100
"3-D44AM"	52314	27630	48739	13123	48669	397	44253	687	36466	54
"3-D22PM"	52375	33308	48526	16537	48348	692	44282	900	39167	144
"6-D64AM"	52503	25840	49540	13827	49376	407	45110	663	37443	88
"3-D24"	52585	34860	48425	16900	48286	467	45727	633	41224	106
"2-D62"	53243	28148	49684	11736	49565	531	45379	848	36516	89
"3-D63"	53281	25132	50638	10312	50518	705	46800	1100	35026	96
"4-D1PM"	53296	38959	45402	20159	45086	208	39209	353	33780	53
"6-D59PM"	53359	24345	49815	12422	49683	331	44844	552	36583	64
"inoculum-6-10"	53435	25406	50711	11547	50463	369	45169	520	38557	132
"3-D42PM"	53551	22810	50585	9999	50521	472	46889	741	38351	56
"4-D52AM"	54033	28586	49972	14474	49864	451	44438	687	38553	78
"2-D57AM"	54213	30798	50379	13532	50195	583	45317	853	35934	107
"2-D1AM"	54243	35399	48401	17680	48106	304	39081	520	32049	55
"4-D57PM"	54566	29828	50674	12794	50532	513	45664	764	36697	91
"5-D63"	54597	30153	51862	13596	51714	711	46845	1101	35642	106
"3-D59AM"	54774	27253	52541	11354	52444	594	48041	930	35178	101
"2-D11"	54927	29768	50682	14020	50521	732	46106	1026	37309	123
"9-D0PM"	55183	31951	50708	12981	50615	185	37730	282	32042	71
"10-D59AM"	55189	28976	52665	16234	52467	428	48039	731	40183	92
"5-D1PM"	55379	39108	48103	19956	47774	210	41908	354	35761	64
"5-D35AM"	55394	26676	51896	12401	51754	535	48700	776	40370	107
"2-D64AM"	55562	28439	52852	11978	52757	619	48499	1017	36263	88
"10-D8"	55588	31910	51470	15703	51346	463	47533	738	39522	94
"6-D53"	55800	27466	52175	16090	52011	399	46474	641	39608	83
"3-D28AM"	55921	31221	52069	14972	51898	727	47220	956	39980	135
"4-D44AM"	55950	28729	52022	14504	51919	409	46524	696	37453	51
"4-D58PM"	55976	25525	52599	11347	52491	444	47302	677	39099	95
"2-D9"	56075	32647	52130	15537	51981	674	47952	963	37937	110
"5-D11"	56304	30989	52291	14621	52169	713	47683	1026	38322	117
"3-D64PM"	56462	28763	53419	12380	53305	632	48989	985	39650	101
"8-D24"	56834	40597	51452	20672	51286	337	48918	538	43605	83
"5-D44AM"	56844	28268	52755	14419	52653	294	48116	518	40092	42
"5-D30PM"	56908	36209	51662	18948	51550	534	46618	825	39922	115
"2-D54"	57104	30812	52730	14532	52567	522	47030	784	37644	94
"3-D50PM"	57312	27327	53449	13405	53349	569	48925	820	41199	94
"5-D25"	57342	28649	54549	13149	54340	685	50560	856	44443	138
"3-D29AM"	57502	30008	53365	14412	53243	753	48835	1054	39790	107
"5-D60PM"	57865	27870	55195	12778	55079	626	50559	945	40373	98
"3-D1AM"	58010	38726	51659	20124	51327	295	43876	513	34822	58
"2-D52PM"	58031	33317	52890	15079	52725	439	47913	649	39465	90
"4-D1AM"	58354	36285	52478	18320	52208	308	43968	572	35751	63
"3-D23AM"	58464	39935	53872	20075	53640	673	48152	879	41364	130
"4-D32"	58589	33967	53309	16783	53173	729	46459	1103	37021	115
"4-D3AM"	58681	47744	51174	26520	50868	350	43514	608	36655	94
"4-D28AM"	58682	28878	55391	13603	55208	721	50993	956	43646	123
"3-D52PM"	58846	28523	54632	14323	54502	468	49539	670	42281	100
"7-D24"	58853	44008	53132	22932	52968	393	49836	609	44944	101
"8-D28PM"	59045	29115	55447	14482	55341	534	51503	768	44652	127
"6-D23AM"	59106	26323	56234	12204	56093	594	53290	860	46820	128
"2-D28PM"	59178	31743	55251	14845	54949	744	50219	917	42073	129
"4-D22AM"	59282	38721	55360	19556	55144	735	50396	1038	43843	159
"7-D60AM"	59491	31380	56057	16787	55846	497	49295	786	39655	93
"4-D43AM"	59560	32855	54803	15758	54661	521	49811	854	40735	54
"1-D29PM"	59721	35073	55081	17672	54905	775	48693	1111	38924	120
"4-D35AM"	59747	30970	55933	14759	55789	786	50964	1177	40140	120
"6-D24"	59759	39072	54961	18745	54815	381	51740	611	45474	96
"8-D60PM"	59784	25155	57518	12137	57373	431	54333	733	45038	86
"3-D58AM"	59960	32211	55606	13421	55444	555	50512	837	39760	95
"6-D58AM"	60154	27117	56840	14218	56660	326	51903	590	42031	60
"3-D30PM"	60158	32919	55566	15978	55481	582	51167	931	43607	108
"9-D59AM"	60171	26877	57669	13507	57498	417	53399	726	41985	81
"5-D51PM"	60275	31242	56424	15026	56254	600	52180	940	40622	80
"3-D23PM"	60301	31731	56541	14564	56253	704	51843	829	45393	139
"7-D0PM"	60463	33339	56051	14161	55974	161	39626	217	34625	61
"9-D58AM"	60547	27840	57191	14175	57011	400	50934	665	40923	92
"4-D60AM"	60647	32981	56665	16120	56490	492	51252	750	41851	96
"6-D57PM"	60714	28731	56919	15191	56713	421	50958	676	43677	94
"8-D23PM"	61010	41627	56371	20923	56226	463	52755	724	47588	113
"9-D57AM"	61131	25110	57630	12731	57480	360	53599	572	45440	85
"4-D10"	61267	39158	56451	18836	56290	763	51059	1102	39912	114
"4-D63"	61481	30527	58546	14500	58347	599	53237	931	39654	92
"2-D60AM"	61567	33710	57373	14070	57218	697	51038	1095	36773	93
"4-D54"	61701	30398	57751	15745	57571	501	51617	785	40571	90
"1-D1PM"	61771	41281	54258	20794	53939	212	46268	370	40246	51
"7-D59AM"	61785	29790	59250	14909	59088	518	53871	825	44480	91
"6-D28PM"	61860	35072	57972	17198	57763	556	52988	792	45628	116
"10-D29AM"	61868	28407	58286	13602	58192	511	54734	806	44266	115
"1-D29AM"	62205	31967	58141	15347	57983	817	52869	1107	42901	114
"6-D23PM"	62319	31178	58913	15138	58753	557	54957	807	47339	120
"5-D59AM"	62409	40727	58867	20360	58527	447	51988	799	41458	86
"5-D22AM"	62833	30328	59296	13948	59135	847	55165	1121	47734	150
"3-D58PM"	62853	35201	58758	15157	58586	561	52297	878	40674	98
"3-D52AM"	62859	32870	58051	16758	57898	484	51875	703	43904	95
"5-D58PM"	62924	35334	58483	14621	58304	532	52603	864	39276	81
"3-D54"	63006	45525	54613	19448	54367	446	48827	670	40505	103
"5-D9"	63119	37027	58064	17527	57830	762	52101	1117	40342	102
"5-D54"	63163	39477	56562	21026	56303	453	50466	747	41917	70
"4-D22PM"	63272	38901	58987	18689	58765	684	54716	959	49223	170
"7-D57AM"	63298	30330	60033	16039	59826	484	54556	747	47737	98
"2-D28AM"	63341	34551	59444	15758	59193	675	54935	897	47429	128
"2-D58PM"	63415	41162	58840	18796	58673	569	50584	915	39175	105
"4-D25"	63419	32536	59599	14777	59394	743	55430	963	47790	132
"9-D63"	63592	24900	60655	11981	60503	491	56316	818	43684	90
"10-D64AM"	63685	26013	60661	12010	60544	425	56821	691	49010	90
"4-D4PM"	63771	29958	58793	13121	58612	650	53618	998	42686	127
"6-D22AM"	64126	27697	61089	13077	60979	607	57627	918	48723	125
"9-D44AM"	64221	28031	60529	12988	60460	237	57649	405	51310	43
"6-D22PM"	64286	49216	57527	26190	57249	479	52015	731	46628	117
"3-D1PM"	64305	40004	57400	19665	57186	223	50992	359	44313	62
"10-D10"	64397	28802	60738	14451	60591	517	56196	818	46843	88
"4-D3PM"	64455	47586	56987	23521	56663	354	49335	573	43792	101
"3-D61"	64467	32307	60050	13514	59915	734	54898	1098	43189	114
"6-D10"	64479	28642	60917	13710	60791	556	57009	864	48784	109
"3-D44PM"	64521	29134	60704	13463	60621	555	55380	912	43993	68
"10-D51AM"	64558	26390	61403	13209	61286	480	57591	770	48032	79
"2-D43AM"	64578	34121	59893	16056	59774	411	55386	680	45068	57
"2-D44AM"	64635	39433	59292	20218	59130	382	52336	656	41928	51
"3-D35AM"	64801	32882	60849	15136	60714	877	55341	1267	42400	134
"5-D51AM"	64814	31582	60971	15025	60814	640	56530	1003	43770	80
"7-D44AM"	65199	23212	61475	11532	61392	240	58289	440	51414	45
"4-D11"	65219	38529	59910	18475	59697	733	54202	1042	43559	113
"5-D45PM"	65284	31096	61144	14815	61007	376	57592	653	46668	49
"5-D43PM"	65424	34822	60353	17221	60153	306	55248	567	44213	39
"8-D0PM"	65424	38784	59951	15601	59702	216	46864	339	39607	75
"2-D1PM"	65456	44299	56577	22477	56124	232	49333	406	42786	61
"10-D23PM"	65500	55463	55254	30670	54866	339	50103	548	46261	115
"4-D42AM"	65790	44216	58166	22071	57977	497	54052	858	44032	64
"1-D3AM"	65842	44228	58837	20975	58628	458	50962	710	41809	94
"10-D30AM"	65905	34233	61249	17518	61135	442	56641	708	47801	101
"5-D2PM"	65926	34355	60192	14728	60027	452	54232	749	46912	91
"5-D45AM"	66035	29481	62172	13453	62043	440	58827	730	46611	51
"10-D57AM"	66102	34381	62336	18907	62084	432	56090	706	45690	92
"7-D23PM"	66109	45157	60831	23001	60615	515	56455	788	49722	119
"3-D31AM"	66110	36610	60602	17749	60452	835	53308	1236	42741	126
"6-D54"	66122	38016	60253	20762	60031	437	51431	676	44906	100
"2-D22PM"	66162	33379	62758	15394	62585	839	58326	1160	49538	162
"2-D50AM"	66306	30469	62014	15095	61836	423	57604	628	51120	87
"4-D42PM"	66454	34015	61768	16181	61613	596	56007	990	44406	57
"3-D10"	66459	43110	60972	21137	60783	745	54633	1059	42376	123
"1-D2AM"	66674	34101	60328	16202	60139	434	52963	658	42647	87
"7-D31AM"	66775	32842	62513	16444	62371	487	57215	777	47472	95
"7-D58PM"	66830	26743	63404	12822	63260	507	58442	803	47270	87
"1-D1AM"	66832	37336	60507	17779	60239	292	48652	469	41605	55
"9-D22PM"	66953	38613	62456	18610	62241	578	58032	895	50669	139
"5-D30AM"	67019	37628	61442	19028	61329	519	55915	847	47887	98
"2-D30PM"	67146	40871	61604	20041	61476	687	56191	1060	47680	116
"4-D59PM"	67204	32798	64631	15217	64457	493	59097	775	46703	86
"5-D57PM"	67287	41560	61869	17185	61675	549	54451	879	41183	81
"2-D22AM"	67419	31358	64093	14384	63921	887	59716	1157	51432	163
"10-D61"	67495	30193	63670	15777	63474	500	58002	804	47043	86
"9-D43PM"	67650	26078	63755	11890	63686	270	60396	451	53917	46
"5-D57AM"	67921	46213	62845	22533	62513	594	56045	943	43716	93
"10-D62"	67952	27921	64340	14216	64199	488	59678	794	50158	93
"8-D58PM"	68052	29509	64302	14053	64175	354	59911	646	49751	81
"8-D57AM"	68066	29576	64006	14412	63806	497	58947	802	48066	109
"10-D63"	68096	27923	65119	12480	65004	805	60249	1296	44966	111
"10-D25"	68124	34832	64995	15266	64862	512	61537	705	56452	146
"4-D57AM"	68132	33767	63868	14911	63581	582	57638	854	45677	94
"9-D25"	68154	36832	64445	16163	64328	498	61730	721	55963	126
"3-D9"	68187	41169	62266	19399	62089	736	56168	1015	44448	110
"3-D62"	68268	34631	64483	14667	64325	674	59200	1028	47773	109
"8-D10"	68321	41661	62855	21262	62657	510	56821	803	46970	96
"9-D23PM"	68341	49611	61978	25683	61756	447	57176	727	50406	130
"7-D28PM"	68350	33625	65079	15831	64867	586	60127	807	52741	127
"7-D64PM"	68365	29490	65408	14078	65282	482	61228	764	52277	93
"2-D30AM"	68367	43320	62472	21386	62344	763	56149	1196	45218	123
"3-D43AM"	68392	35813	64200	16055	64053	595	58195	1009	44752	58
"8-D59AM"	68557	30559	65815	14900	65655	529	60836	869	46912	98
"2-D45AM"	68592	31547	64904	15082	64794	434	59279	728	47473	58
"7-D63"	68668	26877	65762	13294	65615	520	60850	846	47964	83
"6-D58PM"	68724	30640	64872	15289	64718	426	58520	746	46744	81
"7-D64AM"	68965	29656	65740	14943	65581	471	60999	737	50934	87
"5-D28AM"	69036	32377	65312	14080	65118	691	60572	888	53633	133
"5-D50AM"	69072	33960	64687	16584	64488	632	59382	1025	44642	87
"2-D58AM"	69329	37677	64053	15304	63840	705	57331	1062	43175	114
"10-D29PM"	69448	37318	64813	18497	64678	495	59499	776	49486	105
"8-D23AM"	69556	39624	64939	18672	64760	487	61265	735	54462	121
"4-D50PM"	69678	32627	65637	15655	65530	732	59128	1110	45805	93
"7-D23AM"	69691	31069	66084	14596	65907	630	62246	890	54754	135
"4-D44PM"	69706	33845	65393	16554	65216	573	58488	986	43559	64
"10-D1AM"	69752	44358	63602	22641	63388	231	55791	385	49806	84
"5-D36AM"	69897	39464	62955	19352	62771	524	57916	772	48103	88
"5-D59PM"	69955	39103	65102	17701	64940	570	58406	916	44648	94
"8-D59PM"	69985	38864	65573	19893	65344	428	58443	760	47029	87
"2-D2PM"	70012	46184	63474	22227	63258	464	56173	724	47128	90
"9-D1AM"	70055	43072	63427	21502	63250	223	57858	360	52607	85
"3-D2PM"	70091	38423	64008	17586	63758	535	57574	831	47401	108
"2-D29AM"	70128	45320	63666	23195	63432	767	57005	1132	45828	107
"6-D1PM"	70132	43405	63834	21547	63656	264	58366	470	51301	110
"9-D24"	70144	45882	65332	22261	65175	403	62382	607	56908	109
"10-D54"	70281	38610	64385	20562	64164	484	57470	778	47347	99
"7-D31PM"	70307	31061	66508	14670	66404	514	62727	835	51884	100
"6-D52PM"	70390	35221	65750	18537	65552	428	59992	723	50598	81
"9-D60PM"	70428	28941	67902	13954	67718	472	63848	824	49815	94
"4-D4AM"	70690	51534	62871	25935	62620	423	54631	703	46132	102
"7-D25"	70716	33296	67357	15070	67201	617	63621	871	55525	125
"6-D62"	70816	31434	66501	16581	66324	405	60840	662	51852	80
"5-D52AM"	70860	38871	65049	19006	64870	521	58125	804	48620	76
"3-D3PM"	70926	53360	62138	27091	61813	409	52736	685	46130	116
"2-D3PM"	70996	47302	64282	22040	64091	529	58004	823	48528	110
"9-D52AM"	71090	39789	64578	20403	64349	362	58447	595	51381	77
"7-D22AM"	71121	30821	67779	14568	67646	630	63780	930	53569	112
"4-D5"	71127	35848	65693	14878	65508	706	59325	1061	46133	129
"6-D43AM"	71147	28085	66681	13647	66562	368	62359	630	52649	60
"6-D59AM"	71174	36129	67629	18958	67381	380	60433	654	48468	72
"2-D5"	71292	34432	65522	13970	65390	618	60814	919	50790	116
"4-D7"	71317	51836	63845	24702	63524	626	56698	998	46094	142
"1-D4PM"	71323	50130	64106	25051	63904	598	55986	944	45637	126
"3-D22AM"	71587	35028	67975	16014	67783	971	62810	1289	52267	179
"8-D35AM"	71672	35875	66734	17605	66602	542	62055	904	51019	103
"2-D50PM"	71715	34440	66573	16983	66406	524	59617	746	50741	91
"7-D35AM"	71919	33576	67101	16660	66957	502	63040	833	51642	93
"7-D58AM"	71944	31431	68220	15535	68090	511	61328	827	49701	81
"3-D31PM"	72033	36490	67882	16916	67745	887	62490	1331	48940	126
"9-D10"	72038	34380	67712	16713	67580	573	62828	919	52493	102
"4-D35PM"	72071	40946	65877	19712	65753	784	58680	1197	47248	120
"4-D23AM"	72073	47238	66580	23049	66287	734	60397	1034	51590	134
"10-D31PM"	72102	36438	67336	17542	67182	504	62822	836	52111	94
"7-D1AM"	72106	43533	65358	21174	65179	250	58447	380	53258	101
"4-D30AM"	72236	42102	65994	20751	65868	603	60563	963	51773	113
"8-D50PM"	72258	30627	68054	15693	67938	494	63335	788	52904	83
"5-D53"	72289	45255	65078	20939	64841	627	58015	947	44572	85
"2-D35AM"	72298	36164	67858	16741	67743	794	62492	1214	50290	114
"1-D4AM"	72461	51406	64487	24630	64293	445	56548	706	49400	114
"3-D32"	72481	38395	67963	17809	67835	823	62731	1275	48988	121
"2-D25"	72728	32055	68884	13774	68703	740	65009	941	57773	125
"10-D59PM"	72829	34199	68218	17799	68057	485	62117	817	50049	88
"2-D6"	72854	40219	66229	17583	66064	686	59262	974	48487	126
"9-D57PM"	73018	33755	68214	17868	68021	484	61014	739	50046	100
"7-D52PM"	73183	35356	68557	19069	68377	459	62054	742	52156	75
"8-D25"	73332	32332	70195	14122	70033	571	66704	849	57290	118
"6-D1AM"	73423	45206	66205	22134	66013	231	60474	380	55766	98
"8-D44AM"	73446	29435	69183	13716	69111	264	65652	444	57521	37
"8-D30AM"	73473	38558	68081	19651	67949	370	63207	645	54414	105
"8-D63"	73590	26795	70723	12512	70569	563	66431	939	53130	86
"6-D2PM"	73612	35831	67509	15808	67370	440	63040	709	53403	135
"6-D50PM"	73724	31335	69644	15531	69533	471	64625	782	53226	76
"4-D51AM"	73802	36240	68943	17486	68801	561	62620	904	50853	84
"10-D57PM"	73823	38520	68893	20871	68718	488	59535	769	47692	100
"5-D3AM"	74078	50249	66512	24031	66222	540	58221	851	48717	115
"7-D30PM"	74126	34970	68983	17615	68825	566	62155	885	49184	103
"4-D52PM"	74237	35373	69672	17604	69473	569	63673	863	54076	101
"2-D42PM"	74421	37944	69077	17660	68913	527	63344	921	48551	61
"2-D29PM"	74423	40995	68895	19673	68715	803	62533	1202	51770	113
"7-D43PM"	74591	27803	70702	13164	70604	318	67230	534	59426	55
"5-D52PM"	74725	50273	67419	25627	67184	612	58407	969	46031	84
"3-D7"	74797	52206	67424	25485	67143	607	57668	984	46884	131
"5-D2AM"	74840	35559	68130	16729	67950	497	60936	758	50338	100
"4-D31AM"	74889	39314	69242	19142	69033	1006	60889	1429	45327	129
"7-D8"	74922	37207	70001	17755	69882	494	65221	817	52897	85
"3-D3AM"	75013	50864	66736	24249	66437	548	58268	869	49416	123
"6-D60AM"	75195	41034	70369	23632	70057	349	62396	592	54019	76
"9-D60AM"	75393	29805	72221	14751	72067	506	66794	853	53498	91
"8-D1AM"	75571	58453	66966	32885	66649	202	57900	329	52806	93
"6-D51PM"	75595	33955	71466	16505	71312	469	67266	817	55398	76
"2-D61"	75670	39506	70274	15606	70093	685	63768	1077	48488	106
"3-D11"	75702	34522	70954	15294	70795	864	65465	1159	52727	144
"8-D58AM"	75735	33191	71411	15798	71250	518	65453	844	52445	99
"8-D52PM"	75976	35279	71520	18159	71336	500	65967	808	55866	97
"8-D1PM"	76068	35064	69235	16438	69086	347	63210	556	54725	121
"5-D31PM"	76233	42345	70374	20011	70155	881	63990	1267	49841	124
"3-D25"	76245	46838	70848	22235	70617	738	65809	988	56181	124
"2-D60PM"	76274	43171	72846	19777	72656	750	65222	1262	50969	132
"2-D4PM"	76286	53180	68417	24974	68140	579	61370	895	51682	114
"10-D22AM"	76404	37005	72204	16718	72033	577	68536	883	59873	121
"4-D58AM"	76480	29326	72149	12719	71991	450	67099	713	55800	84
"10-D58AM"	76575	40734	72331	22560	72063	483	63344	816	49821	96
"2-D53"	76736	50938	68693	22735	68389	475	60781	730	49830	102
"9-D22AM"	76921	32326	73395	14434	73251	669	69774	996	61885	147
"9-D1PM"	76999	35489	70206	16884	69967	400	63405	685	52404	127
"2-D31PM"	77089	37616	72452	16889	72341	786	67606	1212	55995	103
"3-D50AM"	77106	36669	72118	17126	71939	616	67808	908	56962	102
"10-D35AM"	77297	36904	72623	18053	72479	608	67520	962	55675	108
"4-D36AM"	77409	49224	69879	23963	69663	821	62343	1284	48814	119
"10-D53"	77420	34987	72987	19406	72808	566	65505	893	53926	110
"5-D50PM"	77529	46039	71135	23281	70937	592	62693	956	47869	76
"10-D23AM"	77589	32912	73039	13727	72877	694	69520	845	64009	128
"7-D29AM"	77589	31781	73473	14777	73328	618	68974	902	57851	121
"4-D43PM"	77656	39122	72581	18392	72413	571	65718	987	49621	50
"8-D22PM"	77680	43112	72997	21025	72812	585	68039	849	60273	135
"10-D51PM"	77708	34270	73042	17098	72894	411	67745	656	59368	82
"10-D1PM"	77717	48002	69899	24399	69593	396	59987	675	48170	117
"6-D63"	77974	32760	74439	16544	74280	511	68199	848	51090	91
"1-D3PM"	77977	56803	69663	28133	69377	492	61192	830	50262	109
"3-D36AM"	78161	45454	71826	21984	71675	799	63863	1243	48599	95
"10-D58PM"	78174	37804	74205	20082	73989	442	66864	773	51705	86
"2-D35PM"	78185	40342	73419	18805	73276	807	67494	1252	54562	112
"8-D51PM"	78393	37882	72863	19431	72683	429	66562	705	58111	83
"8-D62"	78429	37762	74401	18293	74169	492	68194	853	56819	92
"6-D11"	78456	34782	74511	16412	74351	640	69704	998	58158	114
"7-D54"	78601	37563	73567	20608	73370	529	65571	848	56331	117
"5-D3PM"	78670	55763	69772	27423	69512	413	59681	659	50932	108
"5-D7"	78755	52291	71131	24405	70871	667	63498	1020	51610	122
"M2-D8-1B"	78989	38450	74746	15639	74514	672	71210	979	60926	116
"7-D28AM"	79134	36786	75007	17068	74839	556	70711	793	61186	103
"M2-D8-1A"	79141	39474	74743	16135	74472	656	71177	958	60287	113
"4-D29AM"	79150	40064	73505	19425	73339	837	67552	1241	55558	123
"5-D43AM"	79290	42455	72199	20102	71951	369	65931	652	51631	50
"8-D44PM"	79443	26924	75211	12424	75132	323	71287	519	61829	41
"5-D23AM"	79525	37345	75409	17413	75224	684	70587	971	60891	140
"5-D10"	79536	40088	73995	18345	73834	895	67379	1276	53682	124
"7-D52AM"	79556	35430	74336	18130	74168	396	68736	648	60303	81
"2-D43PM"	79642	38085	74956	18436	74798	503	67740	853	51428	61
"7-D50PM"	79694	33040	75248	17271	75129	489	69180	804	56331	83
"6-D7"	79729	58686	71354	29176	70866	487	63051	858	52234	107
"3-D42AM"	79820	58006	71912	32205	71745	459	65369	791	53372	63
"9-D61"	80002	32216	74910	16327	74729	421	69239	702	57197	97
"10-D9"	80017	41722	74608	19651	74422	573	69291	894	57595	108
"9-D28PM"	80237	34400	76387	15833	76226	613	72222	814	64812	143
"4-D59AM"	80254	34575	77483	15249	77286	475	70157	761	56786	93
"M2-D9-3B"	80303	38732	76458	15141	76303	580	73695	850	65186	123
"2-D52AM"	80481	55361	71007	27554	70712	385	60703	610	52112	84
"9-D30AM"	80503	39491	75497	19760	75385	448	70065	710	60926	114
"9-D8"	80508	39319	75298	18330	75145	612	70089	947	57566	95
"2-D33"	80515	44225	74209	20125	74064	865	66287	1284	51600	117
"2-D45PM"	80559	30293	77596	14240	77494	485	72378	827	56441	62
"2-D32"	80582	44487	75210	21453	75040	845	69384	1363	54943	140
"7-D2AM"	80655	41753	73374	19350	73157	458	67247	750	56392	128
"9-D50PM"	80721	33825	75807	16828	75689	487	70568	834	57059	82
"4-D60PM"	80752	40143	77014	19440	76817	569	70789	874	57985	104
"2-D44PM"	80791	39017	75656	18575	75517	562	68427	937	50780	64
"3-D45AM"	80824	37121	76359	17154	76233	531	69652	879	54925	62
"6-D25"	80847	36817	77016	16468	76869	597	73203	944	63016	116
"8-D31PM"	80858	36038	76341	17049	76209	577	71675	934	59145	109
"8-D3AM"	80939	51618	72985	24314	72674	462	66577	749	58024	140
"M2-D10-1A"	81221	42642	75742	17622	75529	639	71373	915	60596	119
"6-D60PM"	81223	33292	77397	17558	77227	385	72454	663	60008	75
"3-D35PM"	81238	46678	74979	22187	74834	876	66873	1306	50278	120
"5-D35PM"	81245	43290	75252	21009	75065	642	68550	908	55190	113
"4-D38"	81327	57819	69672	29197	69325	437	61854	691	53923	70
"6-D2AM"	81382	42429	73746	20083	73510	439	67168	718	56251	131
"8-D43PM"	81481	31154	76475	14599	76393	259	72288	422	63481	41
"7-D22PM"	81491	49240	75846	24133	75616	600	70405	895	62119	138
"4-D39"	81636	42317	74130	18786	73960	524	68310	807	54831	69
"8-D8"	81920	39500	76960	18555	76826	551	71990	891	57895	89
"8-D22AM"	82029	34677	78173	16008	78001	695	74115	1030	63339	130
"M2-D9-1B"	82071	38721	77664	15354	77418	636	74086	935	63157	113
"1-D7"	82162	59345	73988	29585	73706	709	64818	1071	50613	127
"6-D45AM"	82201	28011	78171	13070	78047	354	74920	623	65117	59
"3-D16"	82273	78010	57072	44326	56315	357	44247	689	37768	88
"6-D42AM"	82408	41297	75689	19144	75537	349	72086	621	62777	51
"9-D39"	82466	41121	74994	18718	74878	252	71728	440	66663	55
"7-D10"	82795	35989	78279	17412	78137	650	72634	983	60768	117
"10-D44AM"	82865	31401	78373	14162	78291	250	74919	417	67714	33
"6-D4AM"	82878	56220	74921	27647	74580	501	67558	827	56870	118
"8-D29AM"	83226	38920	78084	18705	77947	520	73065	874	59047	109
"2-D31AM"	83269	45965	76423	21705	76230	870	68497	1305	54374	112
"1-D6"	83283	45479	75815	19788	75601	698	67614	1057	54225	124
"10-D52AM"	83382	39307	77978	19846	77805	425	71960	689	62637	79
"2-D42AM"	83523	51090	74860	24801	74671	485	69734	861	56377	70
"7-D62"	83537	32747	79573	16107	79413	568	73799	911	60930	101
"7-D59PM"	83667	34547	79227	16735	79063	543	72675	866	59598	86
"6-D37AM"	83712	50805	74451	25273	74222	343	66868	544	58541	68
"3-D2AM"	83720	41714	75838	19583	75625	460	66671	723	56436	104
"4-D37PM"	83756	53420	75031	26470	74757	568	66499	901	56386	79
"5-D22PM"	83805	50200	77808	24062	77565	862	71392	1132	62499	158
"8-D9"	83836	44256	78619	21192	78448	631	72623	984	60257	121
"10-D42AM"	83914	50718	76079	24243	75870	290	72045	542	61149	45
"8-D28AM"	83922	38085	79707	17709	79537	597	74466	878	62477	121
"8-D60AM"	84027	33687	80755	15986	80585	602	75694	997	60303	96
"4-D2PM"	84037	42673	77130	18574	76851	480	70305	756	59559	95
"3-D51PM"	84065	37868	78761	18915	78488	622	73465	891	61801	105
"6-D3AM"	84304	52304	76429	24779	76142	456	68974	734	59429	128
"5-D61"	84425	46943	78846	22442	78609	712	69836	1176	53792	93
"8-D31AM"	84512	41788	78661	20390	78497	574	72536	887	60755	117
"3-D45PM"	84528	34382	80646	15090	80532	595	75402	964	58878	69
"4-D50AM"	84579	39030	80292	18065	80111	802	72549	1236	55351	102
"2-D47"	84620	36239	80689	15655	80580	775	74907	1209	57126	85
"9-D33"	84669	36087	79791	17276	79676	558	75679	939	64067	112
"4-D36PM"	84682	45099	78306	21588	78084	795	71381	1188	57872	113
"10-D24"	84708	35803	80552	15056	80398	515	77504	778	67929	119
"5-D4AM"	84754	60188	75561	29396	75235	583	65853	952	54029	133
"5-D38"	84889	53905	75856	25456	75667	403	70205	672	60825	57
"10-D43PM"	84931	30060	80381	13205	80303	276	76664	429	68571	39
"5-D42AM"	84978	53588	75743	25556	75563	432	67807	781	54749	59
"7-D61"	85173	36731	80192	18609	79969	542	73421	840	61222	85
"9-D35AM"	85219	38174	80369	18469	80208	658	75149	1037	60872	115
"8-D57PM"	85267	43790	79312	21879	79069	465	71110	763	58670	105
"4-D62"	85280	42851	80026	19703	79796	620	72688	956	57805	99
"6-D45PM"	85612	33835	80995	15274	80853	398	77351	670	66034	59
"8-D52AM"	85628	45304	79177	22847	78943	419	72423	692	63508	94
"10-D35PM"	85694	42769	79652	21217	79502	632	72905	966	59214	103
"9-D9"	85804	44963	80432	21054	80255	606	74643	974	62339	108
"9-D3PM"	86024	61386	76889	29535	76543	348	68719	569	61923	110
"10-D2AM"	86173	42774	79087	19326	78888	492	73119	808	62477	136
"9-D2AM"	86323	43510	78849	20446	78638	446	72854	770	60429	119
"10-D39"	86381	44171	78040	20040	77861	295	74158	529	67655	49
"4-D53"	86405	41817	81340	19806	81159	617	74646	916	62736	96
"7-D3PM"	86548	63034	77115	31361	76743	316	68471	515	60910	103
"9-D59PM"	86562	37530	81620	18490	81426	509	74756	835	57665	95
"6-D28AM"	86578	52183	80408	24926	80174	522	74169	794	63948	106
"9-D4AM"	86676	59630	77752	30153	77362	454	69530	751	58604	121
"7-D42PM"	86687	31839	81650	14493	81500	406	77367	678	66029	59
"M2-D10-1B"	86852	44068	81358	18041	81112	692	76761	1014	65378	121
"9-D7"	86922	43214	79619	19093	79409	640	73503	991	60988	118
"10-D33"	87078	48776	80462	24329	80241	596	74332	956	60289	113
"9-D42PM"	87100	32699	81685	14556	81573	386	77997	666	64937	43
"10-D47"	87176	29312	83159	14237	83011	494	79271	802	65819	85
"10-D37AM"	87214	59688	74716	29191	74446	284	67137	463	60133	56
"M2-D9-2B"	87309	45298	82581	18379	82328	632	78770	908	68314	115
"1-D2PM"	87366	44858	80122	18693	79832	522	73784	750	61870	105
"6-D44AM"	87381	35602	81470	16790	81307	419	76155	709	62424	55
"7-D37AM"	87450	51190	78390	25228	78176	320	71438	511	62359	68
"5-D42PM"	87551	52437	79036	24679	78783	388	71653	695	57555	54
"7-D51PM"	87908	33989	83546	16818	83415	444	79633	754	68243	76
"3-D5"	87911	46064	80908	20184	80633	746	71552	1149	56346	141
"5-D37AM"	87930	53070	78508	26589	78321	321	70002	479	64439	53
"4-D31PM"	88074	57380	80922	29249	80694	893	72564	1370	56747	118
"7-D30AM"	88210	57561	80004	31135	79775	359	72172	628	62571	105
"4-D45PM"	88225	34431	84484	15577	84357	579	79220	998	61950	71
"6-D50AM"	88252	34195	84284	16536	84133	548	79542	900	66825	84
"M2-D10-2B"	88279	55770	81970	24512	81690	633	76215	959	65902	120
"8-D51AM"	88423	48751	82164	23747	81930	516	75976	895	64205	91
"3-D43PM"	88436	47563	81894	21010	81646	728	71645	1196	50350	72
"9-D42AM"	88623	49387	81111	23762	80920	330	76899	583	65161	48
"2-D37PM"	88624	54949	80726	27122	80606	361	74389	588	65813	58
"5-D31AM"	88652	49398	80563	23490	80353	945	71693	1394	55642	126
"10-D32"	88665	41803	82464	21063	82318	597	75058	961	61336	97
"4-D61"	88730	44274	83060	20271	82819	576	74910	897	60166	98
"7-D5"	88810	45308	81178	21101	80929	594	74308	943	61279	117
"2-D10"	88844	58419	81416	28416	81152	834	73784	1195	58990	136
"3-D47"	88978	36729	85055	16795	84904	803	78811	1244	61388	109
"2-D2AM"	89034	45753	80583	22382	80326	497	69889	755	57941	108
"7-D35PM"	89038	47552	81351	23889	81197	584	74282	972	61382	107
"6-D42PM"	89042	35544	83328	16950	83179	393	78682	699	66091	55
"8-D61"	89121	34632	84347	15986	84172	573	79019	926	66186	94
"8-D2AM"	89123	42242	81750	19678	81534	474	75336	759	63300	139
"6-D35AM"	89162	35038	84450	16512	84309	612	79632	959	66167	96
"M2-D10-3A"	89381	46676	83625	19138	83391	624	79301	935	67661	108
"8-D42PM"	89662	29224	84586	11911	84489	280	81369	486	69069	37
"9-D43AM"	89744	35165	84024	16020	83904	355	79270	625	65750	43
"9-D28AM"	89837	42299	85891	20266	85475	723	78091	1000	62853	143
"8-D29PM"	89978	44703	83603	22182	83457	573	76933	912	60763	117
"4-D33"	90072	50066	82861	24245	82662	795	73888	1229	59179	120
"8-D4PM"	90449	37332	83868	16755	83682	567	77527	919	65415	133
"2-D21AM"	90455	52236	83913	25329	83698	919	75911	1347	58562	155
"M2-D8-2A"	90652	43369	85907	16951	85624	664	81757	1016	70075	121
"6-D43PM"	90715	38308	85456	17359	85319	369	80966	643	69501	50
"7-D53"	90761	41338	85126	23648	84912	533	76949	877	63716	96
"M2-D9-1A"	90845	42158	86149	16591	85914	682	82254	981	70586	123
"8-D37PM"	90996	51416	81815	25325	81569	353	74383	551	66421	68
"3-D4PM"	91206	43633	83881	18867	83650	803	75116	1184	58988	133
"10-D5"	91279	46191	83477	21846	83206	527	76072	850	65448	134
"3-D30AM"	91556	51024	84944	24179	84781	839	77563	1329	61644	112
"M2-D8-3A"	91712	44917	86881	18501	86677	709	81955	1037	68904	119
"5-D39"	91824	40940	84109	16907	83966	438	79185	675	68500	60
"7-D3AM"	91841	57505	82836	27182	82487	389	75230	673	64611	109
"4-D45AM"	91845	39478	86928	18639	86788	475	80592	841	65596	65
"5-D6"	91927	56188	83742	25311	83474	804	72024	1254	56823	157
"5-D5"	92055	52508	83345	23097	83049	732	73401	1094	59065	141
"7-D36AM"	92085	42228	85338	20325	85153	484	80514	745	68351	97
"9-D31PM"	92181	37790	87493	17333	87341	622	82774	956	68425	118
"4-D29PM"	92303	64004	83275	33725	83014	872	72322	1348	56308	121
"8-D53"	92401	51151	84852	27415	84554	530	74965	878	62337	102
"3-D4AM"	92470	72512	81248	37837	80844	483	67892	782	58161	122
"6-D30PM"	92558	47848	86264	23881	86119	427	80939	743	70137	101
"4-D47"	92629	36357	88851	17047	88681	733	82238	1152	62813	84
"7-D1PM"	92704	44878	83945	20979	83675	389	74978	668	63239	121
"6-D57AM"	92976	43876	88317	23022	88002	504	79641	752	68591	92
"5-D4PM"	92978	41640	85918	17591	85661	723	77774	1095	61734	140
"3-D38"	93015	62917	83613	31651	83304	549	74576	928	62075	77
"6-D6"	93156	48940	85587	22359	85274	544	79337	925	66199	108
"7-D51AM"	93222	35800	89045	18053	88895	553	84192	913	69681	82
"M2-D8-2B"	93297	55637	87639	24344	87303	667	81771	1023	69651	114
"9-D37AM"	93318	63187	81604	31313	81252	286	72655	466	64997	62
"2-D7"	93392	64924	84268	31464	83936	722	74569	1129	59409	147
"6-D29PM"	93594	45134	87771	22495	87605	644	80426	1006	64883	116
"9-D18"	93852	45808	87462	22165	87291	642	80470	1038	64842	109
"10-D60PM"	93891	41420	90412	21355	90196	595	83959	981	66726	100
"8-D3PM"	94124	66548	84143	32544	83714	362	75199	610	67373	125
"2-D39"	94137	51143	84050	25162	83748	505	75671	822	63307	63
"5-D46"	94290	42671	88647	21298	88421	514	81050	843	63112	70
"7-D33"	94622	41241	88680	20075	88559	594	82712	997	66299	100
"10-D50AM"	94781	37717	89948	18981	89767	479	84229	811	69415	79
"10-D3AM"	94821	66689	84327	32748	83853	384	76443	682	66351	120
"6-D5"	94904	48420	86530	22015	86249	557	79301	912	66884	112
"6-D36PM"	94973	50766	87555	24128	87372	490	81279	803	68278	79
"5-D36PM"	94993	45659	86942	21498	86714	481	81027	703	69721	70
"4-D37AM"	95029	62672	84709	31879	84463	549	74398	872	63178	81
"6-D30AM"	95099	47229	89137	23108	88990	424	83725	717	74372	103
"7-D43AM"	95190	35623	89698	17014	89537	418	84303	734	69895	57
"3-D36PM"	95217	49090	89191	23052	89002	926	80759	1395	62004	111
"10-D60AM"	95303	45469	91341	24834	91045	590	83432	968	67287	106
"6-D61"	95416	42752	89304	21952	89053	485	81381	805	64164	87
"4-D2AM"	95527	46594	86460	21841	86171	416	76503	668	61797	83
"10-D37PM"	95567	55953	84696	27308	84396	356	77364	572	67445	64
"5-D44PM"	95627	56555	86777	27866	86472	381	77220	691	60291	52
"10-D50PM"	95936	35764	90794	17182	90634	548	85236	882	70490	90
"7-D42AM"	96078	48130	87918	22427	87718	426	82553	741	68464	70
"3-D29PM"	96289	51228	89810	24458	89626	983	81420	1451	65471	137
"8-D47"	96452	32873	92463	15963	92336	532	88066	867	73546	88
"9-D45AM"	96632	34140	91931	16088	91823	405	87502	712	72971	56
"3-D14"	96654	78992	85553	44916	85155	655	73893	1108	60343	134
"10-D52PM"	96698	43206	91180	22536	90948	548	83903	905	69214	90
"6-D9"	96931	70035	87063	35872	86714	530	77812	898	64875	94
"M2-D10-2A"	97014	48888	91016	19537	90780	713	86147	1039	73988	121
"9-D44PM"	97187	35357	90826	15801	90677	393	85677	697	71248	49
"9-D53"	97200	45343	90882	25458	90647	523	81875	861	68088	94
"8-D43AM"	97203	47795	90177	22683	90055	309	83867	540	69732	40
"8-D38"	97270	40449	89167	18552	89007	280	83988	455	77553	53
"10-D22PM"	97309	53205	90894	24668	90670	627	85370	947	74426	134
"9-D51AM"	97523	41111	92020	20989	91840	501	86515	868	71481	84
"8-D2PM"	97571	53975	88966	24362	88734	476	82788	819	70543	145
"10-D31AM"	97582	44574	91751	20909	91585	626	86018	1022	70245	104
"8-D32"	97652	50180	89938	25357	89749	563	81336	909	67065	111
"5-D32"	97843	53516	88388	26496	88121	678	79699	968	65514	134
"7-D44PM"	97916	36263	92023	17506	91866	427	85878	711	72588	63
"6-D4PM"	97931	51507	89814	23328	89490	571	82889	966	67727	114
"6-D46"	98377	38979	92156	19146	92026	458	85390	768	70218	70
"7-D50AM"	98377	38387	93572	19923	93384	584	87512	962	71094	87
"8-D6"	98549	64541	88876	30463	88330	499	81154	868	68089	107
"9-D62"	98592	40089	93078	20394	92853	503	85269	830	69779	102
"4-D46"	98775	42288	93576	19680	93431	662	84666	1122	66379	71
"6-D36AM"	98789	49139	91228	23656	91043	556	85255	926	69216	78
"3-D6"	98857	51879	90288	22790	90021	810	79336	1205	63778	150
"8-D42AM"	99100	45367	92400	20389	92308	254	89272	421	77481	43
"8-D35PM"	99176	48200	91828	24104	91670	628	83459	1003	67952	113
"7-D60PM"	99256	37273	95395	18020	95168	610	89200	987	70809	87
"7-D38"	99441	43277	91048	20997	90842	402	84664	647	75402	71
"2-D38"	99447	59818	89640	29084	89407	467	82235	761	69809	62
"7-D47"	100184	35877	95875	17590	95706	585	90469	953	74662	99
"8-D30PM"	100190	45606	93676	22558	93446	544	85514	896	70799	115
"6-D33"	100203	48358	93291	23712	93147	641	85451	1035	68636	101
"6-D51AM"	100307	37416	95737	18373	95586	447	91326	799	78091	81
"7-D7"	100747	72573	90842	35507	89992	528	81636	957	66598	121
"2-D36AM"	100894	49952	93198	23617	93024	891	83842	1348	63968	104
"10-D45AM"	101024	33613	96359	15455	96206	439	91786	738	76582	60
"7-D4PM"	101270	42921	93710	19204	93504	614	87115	955	70744	117
"4-D6"	101419	62015	91443	26902	91159	727	81692	1119	65449	134
"M2-D10-3B"	101825	51293	95386	20737	95099	699	90209	1046	77272	124
"10-D7"	102042	50016	93613	21931	93370	632	86642	1016	73656	124
"10-D43AM"	102148	37106	95943	16202	95819	372	90883	642	77239	45
"9-D37PM"	102743	60046	92013	29446	91724	391	83903	628	72442	70
"8-D37AM"	102746	56601	92070	26827	91815	310	84587	492	77107	63
"6-D29AM"	102918	43532	97057	20400	96875	646	90840	973	74940	115
"7-D9"	102950	57271	95719	26689	95474	600	89056	996	74428	116
"9-D29AM"	103127	49684	96934	23426	96734	636	91112	1031	75030	118
"7-D2PM"	103313	45281	95283	19176	95093	492	90217	793	77318	128
"5-D37PM"	103454	60258	93309	28794	93088	433	86200	720	75579	54
"4-D16"	103554	89511	88287	52208	87885	508	77059	889	65463	125
"10-D4PM"	103614	42673	95837	19431	95610	601	89810	955	73259	115
"8-D46"	104000	40931	98155	19880	98033	361	92100	603	79263	67
"7-D37PM"	104194	63617	93102	31399	92754	414	84417	644	71085	71
"6-D32"	104195	48364	97213	24006	97041	660	88587	1043	71974	107
"8-D21PM"	104198	55401	97983	25572	97773	597	92541	1035	77896	113
"9-D4PM"	104427	42109	97194	18223	97001	662	90783	1035	75996	131
"9-D51PM"	104544	48764	96947	25413	96686	394	89050	679	78293	70
"9-D32"	104609	48193	97922	24296	97746	703	88303	1091	70713	122
"9-D3AM"	104851	61156	94721	28108	94320	487	87503	796	74841	125
"10-D4AM"	104929	68638	94858	33652	94408	528	85116	859	72520	130
"6-D31PM"	104953	46190	99192	21855	99001	647	93028	1039	76082	107
"5-D29PM"	105331	60463	97192	30273	96942	919	86521	1434	67074	130
"8-D45AM"	105409	47639	99597	21820	99423	375	94588	652	81620	58
"7-D32"	105490	64108	95747	33664	95506	586	83757	976	65982	102
"M2-D8-3B"	105965	50235	100521	20087	100287	674	95730	1008	82815	117
"10-D36PM"	106634	60919	96142	29943	95890	388	87187	631	75419	82
"9-D50AM"	106725	43317	101233	21459	101043	540	94917	915	77535	82
"10-D21PM"	107329	80157	95858	42181	95460	577	87327	983	71281	107
"8-D45PM"	107499	40157	100697	18950	100548	406	94271	680	78610	58
"3-D39"	107580	51837	99683	24299	99442	654	90844	1049	71529	87
"9-D45PM"	107752	40649	101350	19620	101217	488	94147	840	77319	68
"10-D30PM"	107799	61852	98951	31649	98688	605	88243	985	71640	117
"3-D37AM"	107813	82377	94888	44955	94248	390	80371	681	69183	64
"7-D45AM"	107854	36029	102745	16842	102616	463	98283	813	81972	77
"2-D37AM"	107902	61566	99468	30262	99320	452	89638	688	76183	64
"9-D2PM"	107993	56927	99057	24987	98793	470	92479	775	78121	113
"10-D3PM"	108265	76241	96910	36432	96507	390	87752	666	78865	126
"9-D52PM"	108379	56787	99911	30653	99548	582	89451	966	73398	97
"7-D29PM"	108402	49951	102111	24139	101933	674	94163	1041	76739	127
"8-D11"	108521	84230	96291	45689	95830	456	86144	833	73275	101
"8-D39"	108853	43814	100372	18970	100208	267	95383	468	85470	43
"6-D38"	109052	46528	100275	22222	100091	393	92534	627	81278	62
"8-D5"	109258	70458	98370	34294	97877	583	86890	951	73080	131
"7-D45PM"	109556	39536	104410	18529	104235	477	99297	838	82457	79
"9-D46"	110031	46404	103317	22827	103149	496	96142	848	78923	68
"8-D4AM"	110124	90132	95707	49892	94819	435	81974	780	69938	124
"6-D39"	110136	52359	100393	24847	100147	365	92487	622	80670	59
"2-D14"	110195	88323	98737	50288	98402	682	86317	1139	68830	122
"10-D44PM"	110201	34702	104357	15080	104215	385	99614	659	84858	48
"2-D4AM"	110487	86717	96671	45102	96249	489	83147	786	72250	112
"M2-D9-3A"	110523	59748	104897	23839	104628	736	100090	1067	86821	128
"9-D64PM"	110807	45761	104098	20964	103872	611	95601	1005	76333	111
"2-D36PM"	110847	53227	103440	24451	103270	806	95743	1212	78127	94
"7-D39"	111281	54973	99752	25872	99526	389	92263	669	79777	67
"10-D2PM"	111288	53724	102734	23250	102480	535	96794	892	81973	137
"7-D46"	111540	40392	105391	20560	105227	502	98104	864	80358	88
"1-D5"	112199	47564	103666	20206	103432	884	95122	1294	73435	122
"9-D6"	112303	72745	101007	34732	100396	580	90299	979	73584	117
"2-D46"	112325	60455	105687	30016	105477	603	92929	1018	70500	78
"6-D31AM"	113039	46382	106733	22090	106531	695	98647	1067	81235	114
"9-D30PM"	113412	47622	107081	23146	106886	676	98774	1061	80201	125
"10-D36AM"	113628	57078	104623	27484	104391	556	97679	942	79874	94
"8-D36PM"	113839	55745	104539	25851	104284	498	98415	799	82723	90
"9-D36AM"	114949	72916	103742	37657	103439	627	94707	1045	76527	128
"8-D33"	115596	47896	108682	22852	108504	552	102028	950	84727	107
"7-D21PM"	115599	64809	107528	30477	107223	701	99948	1139	81519	120
"8-D64PM"	116124	49810	109357	23507	109130	666	100396	1085	80078	107
"5-D16"	116287	95965	101399	54585	101008	609	85695	1051	72435	127
"8-D50AM"	117085	61530	109262	30547	108915	581	100590	1001	83646	86
"9-D35PM"	117465	56584	108867	28123	108638	752	99285	1184	78358	119
"8-D64AM"	117929	61521	111781	30313	111418	581	102301	1009	84578	92
"6-D35PM"	117982	71970	107351	37261	107086	638	96243	1091	76804	105
"6-D47"	118008	44057	112558	21512	112392	550	106642	934	88533	82
"9-D36PM"	118837	69215	106947	35097	106653	383	96357	645	81899	90
"10-D38"	119201	54922	107596	26302	107330	389	98631	653	86834	60
"10-D18"	119332	53188	111736	25173	111512	735	103446	1166	83190	113
"6-D37PM"	120290	88716	103867	46066	103373	413	89384	671	76076	68
"6-D44PM"	120358	45902	112914	22399	112734	445	105431	775	86657	53
"5-D21AM"	121720	72320	112504	35389	112194	935	100749	1392	83660	147
"9-D38"	121796	68827	107247	32849	106849	368	97342	619	87037	65
"9-D47"	121919	43214	116224	20579	116049	594	110470	994	90859	86
"10-D45PM"	121947	43624	115089	21355	114919	446	107025	781	86813	63
"10-D42PM"	122069	40402	114665	17603	114481	363	109512	666	91906	42
"3-D33"	122713	64051	112789	27765	112455	1145	100013	1702	71118	135
"4-D14"	122832	99073	108295	55122	107891	740	94644	1178	74775	117
"5-D21PM"	122868	85485	111742	43741	111416	920	98066	1427	78930	143
"5-D18"	123023	85733	111067	44895	110627	951	95321	1462	74763	154
"9-D14"	124160	102777	106926	56051	106315	394	94094	689	83238	97
"M2-D9-2A"	124952	54760	118720	21153	118425	911	112922	1250	92780	133
"6-D52AM"	125096	57341	116723	28943	116469	458	107733	766	94140	85
"10-D46"	125357	48357	118829	23465	118622	530	111210	911	90888	84
"8-D7"	125468	83577	114058	38843	113494	551	104583	1004	87172	117
"7-D6"	125725	82498	113238	39154	112690	550	102743	968	84477	113
"5-D47"	125800	67528	117412	32461	117103	709	107546	1215	83215	79
"9-D16"	125987	112747	100531	65275	99651	389	85992	727	73568	89
"9-D11"	126869	96318	113526	52063	113068	563	101242	986	83633	101
"7-D36PM"	126910	67881	115136	31886	114805	515	108066	835	89189	87
"10-D16"	127559	111043	105334	63861	104487	362	92003	720	80045	87
"4-D21PM"	128407	93308	116171	47249	115720	878	102801	1333	83860	155
"6-D21PM"	128507	74676	119453	35841	119139	680	109564	1151	89262	122
"9-D5"	128545	67528	117582	31297	117164	711	106514	1132	86938	128
"2-D16"	128691	104575	113706	59598	113291	589	99682	963	83260	126
"5-D33"	129649	75661	115032	36629	114649	638	103571	934	80262	128
"3-D18"	130278	66032	121553	30028	121184	1015	110397	1496	89445	152
"8-D36AM"	131546	58988	122074	28068	121824	575	115204	960	94092	97
"8-D16"	131811	103375	116635	55228	116173	490	105129	857	91086	115
"10-D6"	132602	105004	117109	55417	116219	579	101575	1003	84114	121
"7-D14"	137739	115458	117262	65732	116555	499	102125	920	84379	98
"9-D21PM"	138580	72015	129983	32952	129648	756	122010	1230	98877	129
"10-D64PM"	139127	52894	131774	23903	131536	631	122751	1037	101535	102
"5-D14"	139952	106984	125782	57275	125331	859	110281	1361	90059	135
"3-D21PM"	141234	78741	131249	36765	130860	1081	118220	1615	91749	168
"6-D14"	142273	123186	120655	71443	119793	466	105545	904	89397	87
"2-D21PM"	142368	85945	131596	41451	131127	1111	117432	1590	91240	158
"8-D14"	143957	113367	126848	62544	126284	527	112466	968	92555	92
"10-D14"	145075	115872	127353	63501	126719	453	113188	828	97850	88
"9-D31AM"	145319	65395	136188	31543	135935	732	125620	1163	101413	118
"3-D21AM"	148640	79479	138657	36608	138280	1181	125546	1683	96754	163
"6-D18"	149553	73529	139245	34890	138977	742	128676	1245	104301	137
"4-D21AM"	149733	92123	138129	43838	137711	1039	124070	1543	99090	158
"7-D4AM"	149952	97165	135430	46494	134820	574	123530	995	104885	131
"7-D11"	149988	116860	132076	62950	131521	527	117266	967	95257	97
"6-D16"	155650	127771	134799	70479	134069	467	119227	913	103067	103
"10-D21AM"	157286	86529	146124	42169	145695	723	133581	1210	109024	117
"2-D18"	157467	82309	145879	38202	145444	1082	131192	1557	102459	156
"6-D3PM"	158453	134131	135672	74350	134301	348	115150	635	102054	112
"8-D21AM"	159843	95080	147063	46914	146614	731	133483	1257	107346	122
"7-D16"	159922	129422	139476	71741	138893	486	123682	892	105792	95
"3-D46"	164397	66949	156303	30973	156092	692	142802	1141	109624	81
"7-D21AM"	165979	131911	143455	72264	142645	681	123227	1186	99841	117
"10-D11"	166820	151980	127146	87189	125648	430	104580	873	85757	83
"4-D18"	168687	84835	157742	39508	157174	1158	142960	1712	108249	160
"8-D18"	187127	85218	175102	40450	174794	807	162014	1358	130184	131
"9-D21AM"	194884	107992	180368	54099	179701	855	161409	1416	123115	135
"7-D18"	195630	89902	183157	43052	182715	940	166288	1494	126847	136
"6-D21AM"	205035	107197	192162	50793	191658	853	177131	1440	144604	130
