sampleID	mass1	mass2	mass3
10-0AM	31244459.19998972	66240726.21296106	21468915.10541519
10-1AM	8787440405.903667	15034457656.969501	10812377331.459532
10-1PM	49758144503.57423	109323703860.9093	112121422711.84898
10-2AM	73858363536.03934	121884763804.29846	153688988537.3757
10-2PM	134498564739.39969	148701622943.51364	183286745796.24268
10-3AM	24466886723.56548	35589986699.93273	32560915392.929825
10-3PM	129136185227.61105	130630228824.94199	82982897306.17796
10-4AM	38545186769.58088	42397507342.39564	67740468784.28386
10-4PM	35408038145.45117	49415783808.622955	66338830307.49818
10-5AM	14261652848.726765	11146950372.815657	21264931634.302692
10-6AM	50172004756.9826	87334557808.33078	89720928565.93893
10-7AM	301360479007.33813	114643473652.03009	345134905757.6017
10-8AM	185384119733.05276	272906327865.49472	227370173390.08514
10-9AM	174139026605.97095	107588132439.44908	129320936983.619
10-10AM	124971446228.46657	147657087762.4607	58661291490.919235
10-11AM	143043915191.2778	215455387258.7452	293199726018.65607
10-14AM	72746835530.00653	195094250365.161	69494827730.5755
10-16AM	93644844758.60408	116778847248.8908	110718367253.09573
10-18AM	57604658958.389206	79849198300.33678	103215068318.63036
10-21AM	130502986978.10454	230374879314.46515	168095797820.3915
10-21PM	187967460114.66302	195384947867.1706	302999336667.6187
10-22AM	97459525397.15865	83610873385.77501	116867666912.38698
10-22PM	44953091758.04084	89373328068.615	80746909001.49536
10-23AM	31776736531.08501	62190966542.53469	19965360808.410534
10-23PM	64387754561.79754	110130083918.29807	131946990169.8528
10-24AM	71753967749.05775	92923731268.17546	110991350187.97691
10-25AM	161542419185.3228	257409482679.2961	288858052198.62964
10-29AM	170257410309.67072	202570016525.15173	222722460781.86426
10-29PM	222020633338.73398	446857147004.91003	323145298012.66595
10-30AM	149641930885.95038	302850986505.68945	311775341912.07874
10-30PM	350208242988.2924	528188627977.7077	394284680456.8521
10-31AM	390754810531.30096	189299416171.52304	359232401397.28827
10-31PM	129152913122.57391	251326988905.26038	147992330401.39252
10-32AM	495791896583.0835	512647036393.9931	272152058373.93005
10-33AM	286801621964.0265	267185339071.3523	208354106250.0157
10-35AM	349491308254.8291	235032841126.87628	415952609099.2372
10-35PM	522252912507.9998	215089779815.95633	659377817549.5385
10-36AM	132201965152.93654	58854866903.050385	186682391232.40604
10-36PM	140876564510.4757	247516157968.59045	166281536561.178
10-37AM	165043478391.6079	72975534475.63298	149522304289.59253
10-37PM	1085912648177.4677	2019930187538.7402	2649231668720.283
10-38AM	68891172293.80853	64687738206.55751	84969329855.513
10-39AM	47605005867.10419	96272432963.11835	72424731679.9673
10-42AM	59262492409.786514	49634039498.326	48720917739.67468
10-42PM	30357673195.776546	36992498187.68447	48225640730.37575
10-43AM	38763462633.90739	36416100619.29574	57808056012.07594
10-43PM	54523382484.48149	29587640550.642754	41787381183.42681
10-44AM	45099840901.32057	47835250424.08059	24911898447.970367
10-44PM	28364496431.707035	51586816497.96305	47423406084.65744
10-45AM	40224320827.01903	38683869633.21994	56338443423.42324
10-45PM	14397264598.411978	40514421315.86794	36843020276.770805
10-46AM	12639740592.14081	27104862942.408096	26493263214.59202
10-47AM	20965239914.087612	38035727774.719444	39270497080.66137
10-50AM	38795232057.40025	62218563887.71144	29660248020.09283
10-50PM	31298115469.86939	42528431805.695	49924756743.76503
10-51AM	50156234549.25975	53234723274.2328	96632451807.52856
10-51PM	56382440055.48462	31773865061.46932	43346659442.97905
10-52AM	60959770593.257355	85621241392.35379	113276222309.87465
10-52PM	103797513549.45615	60196304368.9803	90217695716.21361
10-53AM	65839333748.242805	83715726749.75504	96306705376.92345
10-54AM	20087568483.64436	34169595737.725437	39792549028.35815
10-57AM	61724841877.91769	71979481239.5733	89278449267.79904
10-57PM	169939938265.66998	309800255466.20245	285168299069.19714
10-58AM	25185232406.376392	45924525603.4374	30081529492.194645
10-58PM	11244261885.485876	21830862266.406708	22016044183.68334
10-59AM	108480084184.05864	123229043429.91315	209260750245.76883
10-59PM	20396402076.869877	22979243260.70807	33605365447.021248
10-60AM	38276606070.769	119011560038.54596	49011311012.62716
10-60PM	28877560618.10668	40813022902.566055	41583989753.48748
10-61AM	176191826346.9562	214194259520.0606	293990095520.19525
10-62AM	190038463801.92007	149598537015.0857	207695979240.7835
10-63AM	142204370965.84348	397300901756.4903	303322520374.0616
10-64AM	69409878379.49117	171641490161.66025	211018608103.99896
10-64PM	169001891646.09726	130647466879.635	102151084107.77383
2-0AM	8097579.616619405	8536465.8116019	9538355.243706787
2-0PM	29727973.88554677	56141273.29803757	24364385.02498717
2-1AM	151607834065.61523	382576130495.6521	232129633552.0989
2-1PM	4096267649.934705	10337140648.66282	10365582304.646036
2-2AM	3134399726.476831	7570235003.341433	13617737385.290302
2-2PM	15867908408.618694	17650644345.766243	23635722122.004692
2-3AM	11421116251.882202	24200245623.941097	18719856944.424255
2-3PM	42832166048.32942	57391824083.53473	83134697319.94
2-4AM	45485919941.93145	67572063847.63983	85021835384.58888
2-4PM	17691156654.74001	41790281503.75204	40465127119.00446
2-5AM	18402114965.198532	29286254282.787384	29679010039.289043
2-6AM	24374766970.704437	21103485853.62694	34415373873.46508
2-7AM	63940635036.28185	24028686833.095688	73917832441.17944
2-8AM	131202753593.84557	202878593797.37805	111401605701.7027
2-9AM	59563252958.998726	136371020165.87459	127689214381.69353
2-10AM	41290040113.68631	64235676191.78477	83845565730.19032
2-11AM	29813632146.131725	65875384712.51133	50778117903.70228
2-14AM	16477705228.695839	71049070088.90057	24988685454.784668
2-16AM	36664874854.70677	62378985174.20125	38759987312.76533
2-18AM	45232566585.6605	23205043819.98146	23302490408.603653
2-21AM	96172168318.34642	171834286165.96555	94880822923.2862
2-21PM	205524335505.7948	67550021795.997475	255451308344.61227
2-22AM	60558362970.23389	131404270275.09576	108060027697.29045
2-22PM	91639598819.65692	142055911312.30646	138902900190.48364
2-23AM	43242325772.83694	65089446895.78181	54184122357.55058
2-23PM	74259662634.1006	116235733670.36154	116350656076.98215
2-24AM	143630016587.81494	208415609343.68915	252021284348.3553
2-25AM	89980137212.24002	108978701111.47853	140199256911.42014
2-28AM	55936838438.4806	83114080565.91846	57890100372.0719
2-28PM	63820889495.675186	96676954233.46791	106023257192.80403
2-29AM	142962109861.15256	135142386145.22116	344575257204.63916
2-29PM	220169225575.79898	164956099752.55353	291378910039.1927
2-30AM	339868862734.17285	118287277577.48991	524722802513.7386
2-30PM	25206515656.455753	16295107582.372688	31571354937.895695
2-31AM	338301306659.85895	376526767719.62305	486140925607.49115
2-31PM	138056808192.3324	171631694275.74478	295954087488.3562
2-32AM	148534736585.3571	125946712928.2869	161934915760.63663
2-33AM	207677495441.8332	318158262068.8737	259373407076.14078
2-35AM	106485075340.2732	207344906506.62747	227396044411.0427
2-35PM	136222329854.88255	135568054061.92474	171527608413.36655
2-36AM	134498186193.02486	110551288334.48932	243686248482.2819
2-36PM	181893966582.63193	217267383880.46274	306651944680.18146
2-37AM	33828915998.92718	65197173727.813385	39361520495.54885
2-37PM	56948032511.98799	101208394204.99365	91948856327.64636
2-38AM	81021152717.63623	118406981768.11977	125003359826.74461
2-39AM	91848937099.79019	146434727666.10373	138367194661.71103
2-42AM	49234505957.061584	107087810892.8838	73994173958.3342
2-42PM	72178820630.74869	92113076663.31674	87845327232.98647
2-43AM	15919674580.20935	29030089468.226612	31387176159.217594
2-43PM	12379777544.748693	12837685830.30777	19963707682.41049
2-44AM	16698034672.574238	20311933571.899105	21929225514.004757
2-44PM	17427625601.405464	32965852668.08891	37710572441.037445
2-45AM	14672546925.145773	14137963828.259844	14249820727.094547
2-45PM	9901020987.322884	13896822731.418472	12923385124.110014
2-46AM	12691494913.133686	16873397206.718882	16128096049.735573
2-47AM	31046265445.988384	42387500795.523544	72251364334.10098
2-50AM	14073183971.5113	23596253440.269382	23261247384.636654
2-50PM	8229638304.76992	32901375189.252808	11458743151.443602
2-51AM	17929365519.00675	26160143175.008263	28461149080.756798
2-51PM	25913718155.59162	11332185333.828539	30300366379.661686
2-52AM	6842636329.841776	11864112528.830528	10852917348.47944
2-52PM	18596443026.496967	59729122085.22416	28187947868.320206
2-53AM	41973344114.23074	36769092519.88882	51373046901.74514
2-54AM	36985979275.01037	40700420862.12564	55893394625.17332
2-57AM	109837332975.4146	222684199159.65167	116660842708.86696
2-57PM	49040509918.286446	69001767007.2125	71415696801.09009
2-58AM	66646977419.60058	68109926376.133354	67494149251.70491
2-58PM	65989219216.003716	104329133741.5545	92464815959.98996
2-59AM	69844309712.4827	93298030323.1181	104705966258.37221
2-59PM	105897121851.21529	147413703058.7731	152160657098.8804
2-60AM	340071530615.808	105264027095.6735	343602640836.60925
2-60PM	32607459918.357063	37443749499.74055	45377366315.82811
2-61AM	62889636355.17515	82189460771.40128	62415575809.69753
2-62AM	145483357093.88037	290359107560.7487	127196413147.86107
2-63AM	5752414612.289142	11342357506.673538	11076196619.477669
2-64AM	70238452837.87733	101239202231.64449	81290975965.31343
2-64PM	244303816228.65314	307758362432.74664	264478599867.2318
3-0AM	16306635.44663147	18837859.551817622	52969673.931873366
3-0PM	2427086251.568198	2657265381.3002653	6204210421.303152
3-1AM	55829601178.65867	111450767540.69063	81788041305.54211
3-1PM	18636078434.841537	27555911728.851616	25163873599.897152
3-2AM	9364976956.65973	8018814923.147184	14892071034.688742
3-2PM	33472811063.068615	40188636011.66548	49860626385.32341
3-3AM	8789862274.906065	14272595703.061258	13819714804.030687
3-3PM	54539167390.64108	153266535336.27798	131886551494.95776
3-4AM	10620520882.559278	18214007637.75434	12256686354.41074
3-4PM	48316798165.10247	48357223459.412476	80503283249.93724
3-5AM	34542296863.41499	38340355669.219894	41500916623.31313
3-6AM	60289609631.905754	46726905169.57129	62821985652.06398
3-7AM	55552984935.1276	81116391666.52135	85483851883.81627
3-8AM	99794370655.84805	167858817180.54034	197577120101.96002
3-9AM	66398430002.46063	79537657523.37973	134280447268.02946
3-10AM	39548527671.2441	80474378763.54558	74781247126.59607
3-11AM	63216736967.05494	44347783303.20404	78470784932.49051
3-14AM	36310643721.6962	79980366037.99713	45859995862.12767
3-16AM	67803999238.3832	80553339705.00836	72545148070.50777
3-18AM	52293408810.25257	106854586601.09477	64854548610.456314
3-21AM	111232485832.33527	171667922083.21237	185632401563.36737
3-21PM	55135410586.57301	92044524281.46169	109979107511.34938
3-22AM	34022161688.611217	63159233425.42081	70237501822.55614
3-22PM	52215968378.65545	75363523208.65594	72255534132.41685
3-23AM	22922524953.477234	46544335516.130066	48520970876.80243
3-23PM	151663545922.3535	70382348071.60912	140622321563.1625
3-24AM	89256525135.15501	173649448556.16318	201075489418.33368
3-25AM	329993470727.6123	143728740072.95865	342374366790.4886
3-28AM	79532682289.38454	118388697990.95235	83697317964.11731
3-29AM	515925902762.97766	413879885172.3346	784458153746.9156
3-29PM	272174793987.8688	402045089268.7408	417942017842.8794
3-30AM	250067485581.18005	247210693563.42468	487561871710.06036
3-30PM	67778814569.3378	152200221625.26736	63165742708.60779
3-31AM	263287315213.62997	332403260841.2817	324993035912.5384
3-31PM	280634795314.4267	202927737151.01462	196495793261.4217
3-32AM	127193454007.84584	218556788073.98978	96798744453.67026
3-33AM	136275941022.32288	280962698467.3355	130826405225.09628
3-35AM	67835565713.76009	89136404951.75563	124275248929.32079
3-35PM	139880265855.40082	356556365786.15533	328351789020.64
3-36AM	182855772250.3352	292974511669.1771	302908786324.6456
3-36PM	204354988157.84866	83166027041.6353	220640824647.8758
3-37AM	54848680457.631836	38603114700.07819	50562317431.76968
3-38AM	47277340086.82739	61964996641.090385	78777643648.67201
3-39AM	51842146274.62654	76842491887.34277	84632322912.68867
3-42AM	83377032911.17802	147765962549.85312	96441988582.20169
3-42PM	80198158181.7277	63666898149.44027	106493416636.18379
3-43AM	19174521066.766403	45132136822.84854	27079908019.464783
3-43PM	27310256565.12724	9790780875.401443	38557639516.80611
3-44AM	21273693001.2417	56174608813.07408	16228488143.40987
3-44PM	102571037717.01868	113628396689.64293	140026159321.3099
3-45AM	28556261159.623035	34660935543.3522	39704887606.24312
3-45PM	26577636530.425354	45905710800.770676	40703964895.04113
3-46AM	9967287903.280478	23827311972.5781	11352386147.762222
3-47AM	19836330311.1077	46919573275.58603	47837436012.78125
3-50AM	9680789489.836517	18170867759.442425	8827443022.649977
3-50PM	53104521353.73747	91048937417.17288	67362142778.646576
3-51AM	30225086209.820396	55445539783.30647	78202692168.56268
3-51PM	10568461765.119755	13510545660.042519	21255242494.551395
3-52AM	4420050606.866227	6450838206.831025	7189629530.127982
3-52PM	25123892040.374794	15012157870.6397	24112138557.140377
3-53AM	48142541421.79782	91799759092.83176	76649500577.67624
3-54AM	45284392140.91708	84462312666.85374	63181778115.33929
3-57AM	96863642011.9255	239540576290.78705	132333773248.84947
3-57PM	170161355934.2878	176124713227.96704	218783159347.43423
3-58AM	138797814935.01202	388014770512.98474	260074788090.6791
3-58PM	152014815228.50705	229939963588.28476	296971797991.22595
3-59AM	270827545162.43558	151980918359.95612	250618895925.57233
3-59PM	47671105860.84961	65744486695.667046	71549702833.16194
3-60AM	117497257805.1507	168504725006.07523	192101188418.4564
3-60PM	98583752483.48335	127535908233.83565	117938511546.75395
3-61AM	93747288143.8248	190328625522.45508	80033347427.40578
3-62AM	310024402422.59906	243958772589.47787	427105057120.5405
3-63AM	32080195171.851044	50813227798.83627	39196602842.96978
3-64AM	118309900990.27403	203515393194.6464	186153604410.6562
3-64PM	128640496190.26135	246767681967.46768	232571202859.4435
4-0AM	3234545.74142511	6191312.033925612	7706585.867982439
4-0PM	39501640.120882474	25256051.432128664	88418981.20909779
4-1AM	15035314732.03182	29560939680.425987	27436204704.652065
4-1PM	10286138745.8608	22160616078.95481	23847925595.40605
4-2AM	14881136911.420721	28600233381.604866	19928204106.959614
4-2PM	13077607911.272247	12623084950.970266	14801043512.286753
4-3AM	18803405926.173214	45422733906.63148	26710490746.790207
4-3PM	18877013321.021015	34107727704.47592	56477834360.274345
4-4AM	104499357952.9336	42382158436.65748	99391616966.8987
4-4PM	25556017680.973423	66893514529.42484	33944271668.809177
4-5AM	9549961807.6331	20230793374.890587	20548821765.08824
4-6AM	21337215986.14408	33453983627.918804	41584577122.42314
4-7AM	48248300248.30704	69480859054.51122	76968984574.21852
4-8AM	12937352947.136389	13096093697.361296	8889158361.505629
4-9AM	218493488416.23483	371157613990.2905	264222574157.0843
4-10AM	102353644677.42186	155902392892.16214	291146343318.24054
4-11AM	47753674879.06549	83301950314.09428	62656949439.549934
4-14AM	63508832024.56314	92731729112.76207	69399728530.24608
4-16AM	33208488799.6222	45643772606.18209	42375708916.916336
4-18AM	38773253675.923584	61890002478.170425	52143630460.60064
4-21AM	25179208584.00918	74769857567.26509	52806169254.54745
4-21PM	40254881260.498535	56359342569.041336	50940560317.74257
4-22AM	41416826861.57905	60066753323.399345	82067250607.81526
4-22PM	39684137266.810356	40454651406.41528	58069771026.6099
4-23AM	72188010818.36581	130692644727.29755	165969826494.44257
4-23PM	63835950228.324684	150958501348.33603	88617445514.90912
4-24AM	55885857818.26863	93724114544.9638	84694473857.1743
4-25AM	81546146975.86317	104904537559.5436	137855196693.72964
4-28AM	100578499420.58916	150261346412.14883	139639653591.9797
4-29AM	493590779177.78064	456885584676.69086	505415886006.11957
4-29PM	152798473306.1454	182881269997.84753	290896351499.703
4-30AM	420584222935.6263	294949555296.86084	635867227489.692
4-30PM	134951473715.46114	177662500934.70905	243709441467.5427
4-31AM	250852994609.9803	440409288007.0716	199099775313.36935
4-31PM	175898320988.189	231735251675.67596	217525234582.1338
4-32AM	142625757291.13126	231872927906.93777	216205486887.7184
4-33AM	128442058474.7701	106827527804.95224	149325857639.77737
4-35AM	185587780109.1012	182205674650.4129	212169048807.8299
4-35PM	129374526627.94907	246773666584.38196	285759118367.36554
4-36AM	77861359075.88368	139709193426.5688	123303516852.46988
4-36PM	50430745621.216125	81400221799.1588	114571524287.53906
4-37AM	153508669410.12262	229618406870.99298	168060670441.36984
4-37PM	30712533375.853622	46463420175.61229	33575503919.111725
4-38AM	145316476243.78867	160530091694.10532	166907455645.28632
4-39AM	133498853971.99553	199443095203.4517	120129149114.17026
4-42AM	56396432703.56093	105267344264.90335	64461880381.09833
4-42PM	186725158830.99615	136578790237.26802	215537472358.56912
4-43AM	76755290077.43117	29880230153.394165	80590103461.06802
4-43PM	10789276773.46897	15734448470.538994	16371558974.155907
4-44AM	22310508540.60607	26193191725.34518	10378964783.342222
4-44PM	24840434691.426025	22508857571.363457	39985485517.42543
4-45AM	18250717731.41995	29960318123.094944	8792718112.673178
4-45PM	49320379833.33756	19054331076.07246	51655041998.817955
4-46AM	13646944991.375977	27701452949.729355	29077600418.64926
4-47AM	12864039449.042318	19857060889.77657	43766873571.90577
4-50AM	14481735374.309635	26209658718.344307	25342325325.077183
4-50PM	13048880444.516487	35979465570.367035	31788819893.213154
4-51AM	18013803989.52722	24487565874.18221	26886225318.508495
4-51PM	26202918982.455746	31840971677.566814	60492526928.224045
4-52AM	54088804504.36326	21159408233.50291	46774099970.50445
4-52PM	16044130372.252918	29199498130.3891	16738184882.474518
4-53AM	15006289769.319042	30280609833.413017	34110912189.108555
4-54AM	50334717894.49049	19727013274.808346	48895593866.89997
4-57AM	148956159625.04013	91696632165.92972	155862830666.7722
4-57PM	112114563350.71886	160212539011.3289	173400905706.45413
4-58AM	77846474908.28452	99298696538.44708	140788350483.934
4-58PM	62933220558.66803	105202909376.59837	85936997274.9204
4-59AM	22270402719.365486	45259261670.756195	45746192908.08855
4-59PM	46414490359.84986	80364682027.6863	137863131389.86523
4-60AM	91908488150.7944	140462024089.0428	84736251816.7973
4-60PM	55411591533.559204	94722640848.81761	66216319063.83219
4-61AM	58984297250.60811	111197859946.2785	59738327468.216125
4-62AM	201823339321.40414	163622942041.5275	199105676118.1897
4-63AM	28465244246.618828	76653760710.69594	38337520861.6321
4-64AM	64590185582.05115	113643971631.62852	76372881068.58163
4-64PM	65127613386.393745	124185054857.81775	69174064682.96643
5-0AM	33351031.021427747	67423006.31419788	54242119.09207288
5-0PM	13459412401.385332	16631393060.86088	28172787245.089764
5-1AM	43522018667.055855	72076358243.68979	65995131266.85572
5-1PM	17530945215.070175	36873057918.031364	31526548558.188316
5-2AM	25229238547.620617	36623836575.160484	41948879499.191444
5-2PM	20429162437.523487	41237030074.65822	36660952990.15543
5-3AM	59342086999.519684	105590374588.62527	79637095243.63365
5-3PM	154915159110.27606	178652985826.67984	395572909837.06354
5-4AM	17358299591.33517	25545492362.999695	43499511892.0529
5-4PM	38673251331.82735	65895561609.53765	37613147946.05354
5-5AM	22472169831.90465	13785678969.205452	24994397239.77603
5-6AM	36009720653.18274	63945938779.72687	85070303503.76314
5-7AM	58510286696.39369	78810305332.19176	35397821057.11159
5-8AM	24516193361.57285	54736700180.94687	52844275938.8757
5-9AM	50886522819.89012	64139017664.908516	66217177233.93482
5-10AM	33579819136.98169	55148828659.85939	34566831752.77418
5-11AM	33396199933.28161	126663845334.38068	52029996946.725876
5-14AM	72715198432.62418	26890153122.730537	74614117664.84534
5-16AM	34488803075.02116	78434509050.74023	73337317078.44989
5-18AM	24657053716.769226	62361979069.47964	40124402702.05086
5-21AM	58869534986.331	81589693410.57658	129666036887.56302
5-21PM	86548889943.81432	120714316623.20863	115559295037.35158
5-22AM	66262479720.76936	87548671550.26575	101294063225.33833
5-22PM	107943549551.1526	114232849505.32654	218243360081.25833
5-23AM	50902167578.45494	73800022067.37135	65516892650.80627
5-23PM	99297584729.25299	150744273641.52975	154539754205.2676
5-24AM	67251631547.090256	67076539193.37253	92769230452.7225
5-25AM	102182118651.12529	62990602504.734985	93715202413.80453
5-28AM	53236022758.59465	86471523392.53548	73849430074.62488
5-28PM	131604388401.4502	221778838033.17816	148390062635.30716
5-29AM	122086783868.39464	473748884840.8387	137269808919.03969
5-29PM	171299135317.74985	140473026045.59958	231258803464.77982
5-30AM	188691218596.08704	304725887486.1027	254150422340.44287
5-30PM	185756644700.2204	224457458119.84125	204845992886.34335
5-31AM	104851907664.21465	58127971812.021904	92657801693.6581
5-31PM	232276202004.25266	268180662971.89944	366999375619.31665
5-32AM	242862600656.18176	271440158539.57553	237556009869.46173
5-33AM	138329628745.02682	162994899409.19998	196838867394.3991
5-35AM	158175668664.71182	87253038649.11055	173408467377.56317
5-35PM	157070056987.08038	185964404218.26465	115820986847.83846
5-36AM	148183427449.91052	224815212264.6653	310132426999.9824
5-36PM	114116045511.13911	212591047536.24213	227996591255.20786
5-37AM	60472647459.88295	106512351515.87306	83133764232.21097
5-37PM	192183463747.1498	78707621449.09369	237943056431.7702
5-38AM	68054370911.848045	115576000610.85594	124888065111.85048
5-39AM	89687717446.45692	135925001442.09245	150047548136.30893
5-42AM	33889860205.3809	62455455846.46352	68739138660.02063
5-42PM	51420412454.808975	68379725459.34516	77187322819.3069
5-43AM	15692838968.022451	21867469021.207474	44402058014.466194
5-43PM	16236442755.079948	27725949064.501186	39465139120.42811
5-44AM	8036552516.596326	25758695716.57312	8900809219.381495
5-44PM	43572954971.23654	44544390890.52933	28834735317.021557
5-45AM	30440009382.125313	14063468734.44856	28017517527.679413
5-45PM	27871155876.29673	39700816736.39414	40442833708.442055
5-46AM	15169928208.92859	35845203354.365204	14530123297.484264
5-47AM	25829131095.546192	14379176276.997427	32303761416.341576
5-50AM	36875696703.830605	14249895860.760698	49453164234.78266
5-50PM	43652771551.20443	46296033106.556854	35068233038.495964
5-51AM	15916338471.63039	9091024681.580803	18636867282.372917
5-51PM	16176108122.913113	39690892192.89665	39415016569.40091
5-52AM	10543448733.197544	21310077240.666702	16658981556.77185
5-52PM	20704900835.63592	44422474438.80596	30161070619.006386
5-53AM	12481424096.716558	14137014376.413328	28133837841.58218
5-54AM	3367723349.1073494	4332127167.162421	6642643303.669086
5-57AM	42111271891.54348	57489534196.757805	64072338696.28658
5-57PM	48594445603.69682	90896970424.9789	102381450206.69385
5-58AM	114228125696.19199	200929144418.17566	189397494187.99127
5-58PM	240818365726.20355	300394639826.22705	379738908481.98444
5-59AM	51234063163.151825	117200297537.33925	106984802414.42458
5-59PM	113172933841.26114	105818516900.13777	160976916371.09686
5-60AM	54900239765.10694	103708617394.58887	122680732406.53514
5-60PM	130483779731.78976	72915135752.8864	137552854466.40826
5-61AM	91537618935.39246	142633725573.28467	166985088774.4307
5-62AM	104562873961.67003	116752263739.72418	155198411808.56726
5-63AM	53811568832.190575	59533375547.336174	94474425787.22073
5-64AM	61864359019.55242	117617965772.19194	113392170529.43268
5-64PM	56401672660.17508	112417270871.92307	115569496500.53943
6-0AM	7090394.459211661	19063531.231306672	9145011.966100052
6-0PM	27493632355.99209	38249805024.67929	46841199846.74081
6-1AM	4336746535.431503	8576650934.556792	6635881279.361365
6-1PM	1061309422.1463583	1615512073.3397746	2267917333.2788353
6-2AM	35124328279.935905	34232580070.034176	38321841099.36255
6-2PM	14130758434.72047	26593969831.8713	25543020456.55517
6-3AM	24635347552.325977	33921004416.142315	61128051102.839
6-3PM	22434193428.87504	55110056016.848976	54778890935.16323
6-4AM	58849849267.46277	65810748033.003426	92851525803.99423
6-4PM	137162401791.10262	81687811876.03513	144509237172.43164
6-5AM	27303821391.01681	12184844723.60392	28927129233.43727
6-6AM	27700214651.329723	61855275603.11278	30358145759.08902
6-7AM	74566910037.30484	120366794784.21347	110955973381.13797
6-8AM	43481725815.186844	105112850463.2471	103570976636.7579
6-9AM	122774266497.32712	230273188508.14667	160132809765.88388
6-10AM	96952911341.46918	160300048733.77628	203962003445.95883
6-11AM	155156779404.6989	212049462985.997	248603667327.46188
6-14AM	55784726914.28343	86154082443.94865	90212800163.47514
6-16AM	102541803008.36444	177242747513.51227	192664438281.27383
6-18AM	31844897344.08896	86300076771.27322	56344759453.293526
6-21AM	61917558336.97726	90968995812.63942	115114472044.00592
6-21PM	46436049645.06884	79123613055.11061	96837439929.13936
6-22AM	52548011253.20244	52099157715.39246	88302560823.59647
6-22PM	72883367437.70839	108269081674.60516	168688747967.09836
6-23AM	32570603739.361633	45522091843.52968	38893188875.698135
6-23PM	64763882937.223114	130558212869.59776	149139576096.9925
6-24AM	53584854196.05637	103108800054.79478	127507127116.78773
6-25AM	134893155484.75032	253831136097.3626	214417537970.43417
6-28AM	114816803324.29756	173533596449.8688	153200635918.7931
6-28PM	291283678721.64276	313482913680.8099	391597335638.8822
6-29AM	216363792156.89774	361169364311.1188	415200918738.5298
6-29PM	94694749505.24184	133314522014.53432	91163944664.7262
6-30AM	402326582701.1736	375467102734.97125	318081285530.8292
6-30PM	129535105985.11076	234510311237.5579	233703562820.67175
6-31AM	170507674018.25235	259616337495.3822	256369780838.8803
6-31PM	334124582718.62695	448551408139.9261	446745457682.45844
6-32AM	60861993764.665405	80274577704.90143	77937924884.88441
6-33AM	104633651688.43083	120212460752.65828	169043282949.99915
6-35AM	84094744527.62207	162840639575.79434	89871969051.32654
6-35PM	50363094942.22737	77086508867.10034	111084105358.93549
6-36AM	413804253723.50885	469485391818.7821	504021571240.12213
6-36PM	548357173501.7396	718175396030.9941	1003933365208.5507
6-37AM	82828645068.23656	172076227423.86703	128257528728.10283
6-37PM	41455204453.12918	89565189390.97058	94052644136.7645
6-38AM	51966160036.52678	33456145116.494175	74807182657.50807
6-39AM	32871937625.74161	44089321824.2341	42088802895.90772
6-42AM	58343502432.97373	76560719401.77443	112535789376.3908
6-42PM	24987660528.51773	46046427233.58144	47449079881.20731
6-43AM	63366942198.73186	57157841945.42836	91595088066.02357
6-43PM	13412698455.046017	23469134419.093243	23223784244.814278
6-44AM	14100478234.342848	7971999017.815242	12556029185.157398
6-44PM	50504848306.95611	74641049162.32489	97721002142.09918
6-45AM	8113538696.780622	12955534937.987146	19415982650.50175
6-45PM	11511957960.8275	22438696581.658703	27667808233.120327
6-46AM	10188650126.844734	16447974217.657232	19054448250.544624
6-47AM	16293313654.044058	9045748167.124609	20774197540.246758
6-50AM	29029424105.633987	45389378094.73734	54221289947.91328
6-50PM	10850491838.701418	21951462868.05782	24474711272.346287
6-51AM	24396696081.611687	15740545546.98759	21519797371.499893
6-51PM	60468879193.076164	20227294896.869816	60826339011.736725
6-52AM	18840054639.092968	26664468128.14881	22220072482.226337
6-52PM	13386954900.123487	27103756492.25391	36099320039.15343
6-53AM	36774941506.25212	50782400625.386246	64507795870.31841
6-54AM	6954557943.320569	8248168007.551917	16315421910.591515
6-57AM	56322125935.006	115851976490.21255	131827763905.36938
6-57PM	61474766317.68362	93890804505.90302	84715236950.52559
6-58AM	20664572982.96163	40819905502.40989	55576436686.27172
6-58PM	56073086025.38976	98459361739.5358	88782640258.09929
6-59AM	15496830327.468452	29525037337.916374	36856263872.901505
6-59PM	15705573203.328962	22520114923.49881	24789440418.338493
6-60AM	31121911262.759563	44384368361.96029	45557376465.46744
6-60PM	32320165279.61739	44826803605.7326	44270489671.17111
6-61AM	39407667716.68813	68633425814.99687	81002362757.59024
6-62AM	119672054814.6198	161756804209.3595	94161559521.23363
6-63AM	23835105474.66349	73943646248.55869	71845770797.36526
6-64AM	33263030277.095444	68596276281.36344	81900160386.86708
6-64PM	74998626063.08281	19140287010.776627	64566416496.56591
7-0AM	20983963.19043123	31457269.556771174	29095617.260647785
7-0PM	8180634658.688495	8757252391.768679	12953320354.289536
7-1AM	48199686569.80169	52602905288.93632	60759581869.10533
7-1PM	197296004849.2924	273620617683.3656	184872533308.85168
7-2AM	2589441110.643521	3623034953.927827	3280450864.4269314
7-2PM	19829603236.898304	31531182217.156235	42241006433.13333
7-3AM	10946482311.09656	21746698510.260727	18981141709.782627
7-3PM	19361509194.19013	32039708437.1781	54491267308.9555
7-4AM	23195960348.81296	21689526552.117905	28181795762.070908
7-4PM	32867311337.640526	48800697380.78929	59786242756.64661
7-5AM	54869398392.19179	63435443132.166885	89981573217.29617
7-6AM	61296626359.18083	114103017845.67278	76228502754.41454
7-7AM	159961120730.7829	68970229950.87744	126490528660.71974
7-8AM	141699096262.60852	249270084581.09375	182027358910.57364
7-9AM	53169131145.6187	35603991815.04275	130319379556.56793
7-10AM	164848974661.6797	189196259744.07492	204406082511.92245
7-11AM	40002906868.143394	62040483303.11127	97420270739.62181
7-14AM	59225864311.662575	101071120519.54886	108485852373.04391
7-16AM	59084388484.55477	125641144702.59203	85201095119.24454
7-18AM	65079245823.33707	113535454543.69691	134382046212.66862
7-21AM	164917770233.4731	168763056859.36414	221016777409.75568
7-21PM	66276337571.765305	83005266560.64853	165661271729.57352
7-22AM	65418585561.24992	139471508699.2275	123566854646.33456
7-22PM	58575398354.23414	77546483007.13406	81741737042.27959
7-23AM	141898279328.00967	188043153796.9129	258180300890.59644
7-23PM	68284663287.540886	139726948382.67157	133306989118.40813
7-24AM	98615455170.88074	131151872695.01567	141754766268.03497
7-25AM	155712734175.09338	219057341233.1214	191444686734.6186
7-28AM	52887478224.51515	129634355465.2359	38321319707.120735
7-28PM	422821101714.0348	599327337592.4354	536734358566.5784
7-29AM	225328482269.0084	442155826040.3837	567324597785.6803
7-29PM	265324296711.94125	215679763578.09424	366862173206.0345
7-30AM	77971027675.9811	173284368483.66312	300788622557.1934
7-30PM	171511385630.10684	143209334343.54944	191643118091.3614
7-31AM	471532462784.57465	458085798320.0707	290862981355.4945
7-31PM	649951840207.0673	918999931636.7471	898903378393.85
7-32AM	229145571186.5646	265161784854.91147	160451864437.7604
7-33AM	141008446492.93414	152483241613.50574	204980099727.96213
7-35AM	119884735667.87013	190311484940.6183	229476142100.4284
7-35PM	11395789800.134233	23796549363.920498	28405470591.75566
7-36AM	233063732961.14767	243116268667.01505	331900800335.4623
7-36PM	406873758004.3839	352145252892.5644	563391838926.4623
7-37AM	118031723302.13441	74461807757.74326	95835049731.98431
7-37PM	52444114751.81044	111536940144.53436	115216133310.80688
7-38AM	35148008267.93176	44228010454.16131	64438171663.6356
7-39AM	55409646423.448944	99368190765.5695	116256586349.09128
7-42AM	62647045024.063095	150527394055.7046	71035753966.05722
7-42PM	27680907007.048523	47807297244.12583	73291822019.2764
7-43AM	38708480216.97928	36452479462.008514	62408470384.767624
7-43PM	5772606103.200688	13989814412.266323	18098434322.126328
7-44AM	28819777221.602135	40823752485.45365	43374834693.302086
7-44PM	23325117304.710613	20428184296.906563	48888218328.557526
7-45AM	21752596427.041763	19336210408.96854	29981047322.178425
7-45PM	25747284666.187435	16301997692.929676	29677582904.04988
7-46AM	9351300900.981024	16881905730.871567	22862167536.605118
7-47AM	16894798330.22737	46962118331.67065	25426277171.400387
7-50AM	35978763068.902016	44266676277.05503	62475816369.73757
7-50PM	21117068027.79852	74162360500.82906	31596212667.359562
7-51AM	17823621872.251274	25780550052.189552	36258775498.49555
7-51PM	64333079040.37173	58942732716.1006	52614346930.67371
7-52AM	32957824425.55155	142994452041.35403	40583422152.804695
7-52PM	22527038570.147675	52511364672.949455	58870620278.29826
7-53AM	46761489268.11979	59700862826.44245	21169451917.62546
7-54AM	17236937188.852856	30209629376.467537	37057172593.86024
7-57AM	119578520352.17027	186620497328.83878	301739557712.8964
7-58AM	79260815797.4774	140889616217.4186	137086899569.12512
7-58PM	35391752767.63267	48767456132.9961	52327113454.21207
7-59AM	35657318343.811584	55885638421.83849	57785845699.39603
7-59PM	68089272866.68343	36322686681.01596	74336115138.07213
7-60AM	68859178682.47682	53518253903.806755	91034045957.69177
7-60PM	87810002498.20709	91695090205.89531	125735649153.79636
7-61AM	20943034678.70955	36547018209.13866	44416045487.48986
7-62AM	22572226670.901016	39232447793.9489	57687116474.75283
7-63AM	71936082041.47408	128007331830.71559	127772906537.58514
7-64AM	5148949149.001282	12051852491.808401	11359829666.044086
7-64PM	88671239199.41978	90156933342.07414	131925982969.74928
8-0AM	4590851.225968285	14729517.172592508	6405129.508864439
8-0PM	12234076335.487701	13780188157.719076	20840518508.789165
8-1AM	21186229587.39542	30204752930.609123	21084846692.47214
8-1PM	13696853823.690866	27147436265.803802	36969086015.73219
8-2AM	53110678752.539406	81419519241.03737	44971900034.71991
8-2PM	23008658615.761665	24764147524.19814	34809785730.10709
8-3AM	30176078096.60878	31010144795.66555	56118006311.13076
8-3PM	6044545437.871952	11492310348.320284	14639425692.9983
8-4AM	21629751804.884636	27447934413.99358	33763761830.811497
8-4PM	24215888604.327015	39092089685.88263	52092437390.08456
8-5AM	12661649823.862043	21244111328.76815	28003942280.828503
8-6AM	33342670053.825054	49075680818.430984	71438024268.22495
8-7AM	50021451878.2537	83056844696.9857	49135016051.16953
8-8AM	95918033044.46893	204097700229.2666	57442604871.64629
8-9AM	46438410405.457	60341607449.314095	97551920419.66093
8-10AM	51884984948.4248	72719119013.42345	82459501896.11261
8-11AM	150530264362.36737	326310286094.9635	103722959157.37166
8-14AM	56748995713.15076	123124804264.76698	121139826885.06613
8-16AM	69228697300.51219	39944842119.550446	55614083413.115036
8-18AM	123294431770.77304	216928200084.3852	229218746586.36176
8-21AM	27809687569.551537	51362341480.81167	36217137933.53549
8-21PM	543815429323.57983	376386096816.4292	588291269110.0029
8-22AM	115771055654.33047	165339937979.39972	149086894041.9884
8-22PM	85183281864.68857	58290892567.34128	82189779627.6718
8-23AM	51587884127.15867	80080696329.72089	56185487895.608765
8-23PM	59140971374.01158	115338120259.03293	128103178790.36227
8-24AM	128054188104.44962	203474523518.27783	214224908044.3366
8-25AM	195480723076.85468	385784088851.42566	128984256495.13942
8-28AM	89769314089.37866	35944874994.21601	69937578973.87161
8-28PM	554069281078.3733	488570111568.5593	467767975858.0594
8-29AM	273437349738.54016	396561071841.30725	200319827870.88376
8-29PM	129716632398.674	58087476433.76512	129522074596.13301
8-30AM	167929937292.13104	262269965433.00864	289473278712.8302
8-30PM	47294517231.6808	124461392109.58292	112367572937.56943
8-31AM	418963503320.68384	576162876670.0687	595768755824.1321
8-31PM	417397100190.05133	391183289432.88983	366615099123.276
8-32AM	6331310995.344947	11098058221.637436	5219041483.287893
8-33AM	40724840397.11079	45141389614.56644	43864313922.623314
8-35AM	140037241062.26016	170920055698.28833	220106681551.08954
8-35PM	83695111093.49239	111256886192.65886	154561505254.30447
8-36AM	116579472091.35156	138432374831.0776	192525428309.11697
8-36PM	193156453021.1294	305051289570.5799	246533464058.71024
8-37AM	49775639399.70537	110662692473.38927	47915056520.13041
8-37PM	49268067090.83124	40794676937.785065	90021094957.55095
8-38AM	99981890984.50014	43866089832.66437	107105288821.99629
8-39AM	88990049133.09729	130777463546.72136	128533073787.17014
8-42AM	76393644045.0135	75375975497.349	47131022586.46256
8-42PM	27482292386.82983	33089165614.277866	48212430540.4523
8-43AM	16199577653.667772	16158154322.25533	31498002319.42553
8-43PM	17660560097.746525	15364304584.595823	4014851754.2072644
8-44AM	25437554384.57969	44011316884.41257	48999043813.188965
8-44PM	32387571825.95812	10991034411.096714	29251434411.725567
8-45AM	13135005745.951761	9833450257.796839	17517772387.188557
8-45PM	48794259320.18735	60667426025.75583	56147147983.84764
8-46AM	13309132590.01928	7494205774.434775	13381107822.090761
8-47AM	31652077153.655724	37082552481.10861	29707309306.07558
8-50AM	34226815803.75817	50521912007.42565	78129917576.93085
8-50PM	47838251708.9684	35427738889.44367	50549238467.54143
8-51AM	29130141628.725754	35149468386.45007	47823824239.5765
8-51PM	70095829118.0824	86280519277.45421	38537018246.983
8-52AM	61493065605.22886	89195628411.59073	109991649916.48094
8-52PM	42247733500.07445	120773900446.96974	30921034905.722324
8-53AM	19177377549.58559	35123286171.02482	17067926733.385824
8-54AM	13360597013.165504	31830932273.457066	21852649608.235046
8-57AM	69839661692.43083	117907156708.68294	152093549406.74777
8-57PM	25377493858.11298	28353930830.823643	40991058938.38284
8-58AM	36771022576.860794	46828406813.73252	41969841320.665726
8-58PM	115331855718.3004	65110381614.14561	152757546877.43414
8-59AM	86404583812.83067	75331883526.36687	104298304993.12946
8-59PM	109028332752.39877	61628688858.52577	113470641858.23697
8-60AM	37904888259.68494	64343474826.12257	53302371514.67126
8-60PM	144032649262.6791	163947257279.9531	71523669187.93755
8-61AM	80764354790.4922	58480758692.87923	35262285042.06456
8-62AM	71188028020.741	34973897499.300095	62152967010.545204
8-63AM	24931459935.185165	51934617487.26663	59225563495.692604
8-64AM	39199863671.20103	19117036050.28204	43320360925.89266
8-64PM	70260896517.34093	137247493566.7203	155329482720.77716
9-0AM	7158224.750443062	21449824.459478863	7026214.740282826
9-0PM	3658018012.233915	4401767026.0163765	6461105215.63932
9-1AM	10219591800.630262	17298510993.80043	15135030124.442701
9-1PM	30688485795.359253	75944511633.95216	67745485625.7993
9-2AM	91510931387.80513	84931839697.7083	137930620343.7856
9-2PM	106107139752.50247	140716599955.81827	150574862186.67496
9-3AM	23402444636.650265	55408687039.709984	4816661.298286995
9-3PM	29458061286.53433	73134183764.79709	40253319006.793274
9-4AM	149413905920.4737	302446539338.0063	311674936139.795
9-4PM	18012148690.081562	30228639546.848793	34388131949.57263
9-5AM	30734333983.709343	33549094666.639652	38046880203.1122
9-6AM	15905122488.2172	34012866726.796547	31215795076.645775
9-7AM	64644365068.27256	115208660497.47963	53596686887.42162
9-8AM	44197812061.081406	94556379048.02223	93106055855.15204
9-9AM	108596993343.11539	124797859755.00049	137879692263.36206
9-10AM	49712731303.41693	44487103665.38674	93677701388.94266
9-11AM	113883854922.35916	165061713118.07935	172115819542.88602
9-14AM	34610659773.19139	68176888383.521774	57735749474.7951
9-16AM	190138405945.528	380738445081.46045	384925571597.91754
9-18AM	58489319511.176384	33534528846.18321	51178019434.843895
9-21AM	20259352852.794586	49512832532.537254	61927375164.26512
9-21PM	36600111750.13019	41683959136.728546	83863119329.91309
9-22AM	142925558600.9331	115312626161.36383	190845683342.8289
9-22PM	135497369385.97693	197380273642.136	236880701033.76843
9-23AM	85655636034.03227	140827099845.51132	122218590991.03355
9-23PM	55596892659.88456	43099394998.418045	65319829110.15181
9-24AM	312925015886.26245	333915062336.2971	415706413625.74164
9-25AM	139077192446.47067	244608967324.43777	161727470015.44016
9-28AM	90053067330.82362	178896137959.1424	174377172811.09778
9-28PM	535225254406.9572	260644391139.55627	637507646630.8115
9-29AM	290041789141.00525	491864610125.8333	495258045296.0531
9-29PM	395362169165.04193	133900824496.76552	311652522456.7345
9-30AM	108921202465.68953	224113332808.5777	300428658825.8318
9-30PM	552931724965.8204	749672357025.2657	889904898583.7555
9-31AM	285466584544.59937	483258808074.13715	477242305950.11865
9-31PM	403045690768.7133	376389311988.04346	558644049077.5985
9-32AM	284133165348.352	263516642988.0862	93215746101.29955
9-33AM	2423656824.2983847	3265885035.7990813	3454461016.3599186
9-35AM	184617090212.553	238247720917.93066	257038697058.90445
9-35PM	335733985878.2122	268954025762.8505	273822063132.42844
9-36AM	57195845593.12378	52098113607.04134	77019924373.80455
9-36PM	55139414234.59222	56861408156.99727	67346171356.50876
9-37AM	57766274044.12654	89741797788.07335	91742354939.63448
9-37PM	148114604313.41385	49292610081.52576	142628048734.39645
9-38AM	47962804976.53297	65648298109.243546	78066231662.3748
9-39AM	100136144037.40175	67961133717.26084	102204704880.76703
9-42AM	88498792687.73439	44950938141.74945	85958279116.68446
9-42PM	19426491104.244495	41398805389.51699	36711865368.976
9-43AM	29661145688.985455	31134115726.097218	58493770123.638466
9-43PM	23288214495.184933	30586446536.874493	20798124393.337128
9-44AM	14054047370.360065	25220714278.959435	42609024465.33494
9-44PM	37537364961.56044	65040376925.83445	40292213014.97001
9-45AM	10283087771.592005	13256480521.68097	18179893823.881954
9-45PM	20368268664.948875	33629914057.640102	38972265346.33865
9-46AM	15126982476.649038	45020119589.50447	11823193177.625484
9-47AM	29466032112.18554	41644976282.07358	46492955874.93719
9-50AM	11566747466.714	24702901792.285187	37372246439.554924
9-50PM	109595747932.97668	55216647820.13542	109825076714.02385
9-51AM	26906727149.690166	27640086843.852337	37902643718.38274
9-51PM	30761180414.233044	17545391326.468758	32112390139.509094
9-52AM	27485086898.89143	66390556294.63239	92554718051.7722
9-52PM	25831809925.910156	48763815025.97342	45343535321.867256
9-53AM	43507096703.29777	29496746468.553608	65783529004.72175
9-54AM	18260951105.811985	41187383003.90956	19004565978.349957
9-57AM	54291035862.54283	61176708091.82076	100158709669.75485
9-57PM	43595265606.877174	59436004259.09936	65480808037.07433
9-58AM	79327186796.43239	123661472719.94453	110202692747.68498
9-58PM	90169261607.30396	188211482267.91663	175440912464.65042
9-59AM	233469413098.00775	419108034371.44977	517257788554.8112
9-59PM	37660301256.427666	49081483893.60195	54668725438.72374
9-60AM	25129291236.366646	40207924468.07421	28553968934.582077
9-60PM	51081856131.02402	70308806930.14221	72828511293.51366
9-61AM	19593574400.745785	36556826497.27743	14135261662.83297
9-62AM	61308994550.396454	72297899161.64317	81595279033.86652
9-63AM	78681462015.3667	130023486107.79893	133458183204.8474
9-64AM	117222857932.2446	106131302702.25932	123916245213.55492
9-64PM	74201356754.30878	141438695999.35675	71974468747.65948
