""	"input"	"filtered"	"denoisedF"	"denoisedR"	"merged"	"nonchim"
"1-D0AM"	34848	31717	31600	31633	25400	23362
"1-D0PM"	43903	39917	39710	39847	31502	26904
"1-D1AM"	66832	59769	59535	59554	46686	39721
"1-D1PM"	61771	53384	53261	53131	45620	39734
"1-D29AM"	62205	57829	57470	57666	52484	42662
"1-D29PM"	59721	54683	54286	54505	48280	38549
"1-D2AM"	66674	59911	59686	59710	52677	42520
"1-D2PM"	87366	80061	79557	79786	73102	61259
"1-D3AM"	65842	58263	58029	58054	51851	42831
"1-D3PM"	77977	68896	68668	68624	59831	49343
"1-D4AM"	72461	64038	63871	63844	56204	49142
"1-D4PM"	71323	63676	63361	63458	55789	45730
"1-D5"	112199	103226	102762	103004	94904	73397
"1-D6"	83283	75624	75233	75382	67333	54084
"1-D7"	82162	73413	73011	73123	64265	50143
"10-D0AM"	371	218	199	180	85	84
"10-D10"	64397	60275	60107	60143	55800	46512
"10-D11"	166820	120519	120269	119378	99908	82066
"10-D14"	145075	124712	124543	124213	111357	96268
"10-D16"	127559	101720	101585	101028	89536	78009
"10-D18"	119332	110636	110281	110426	102375	82540
"10-D1AM"	69752	63234	63050	63014	55568	49805
"10-D1PM"	77717	69337	68950	69049	60095	48392
"10-D21AM"	157286	144397	143969	144018	132031	108082
"10-D21PM"	107329	94133	93770	93802	86219	70385
"10-D22AM"	76404	71504	71227	71353	67912	59366
"10-D22PM"	97309	89987	89628	89769	84628	73812
"10-D23AM"	77589	72815	72391	72623	69314	63808
"10-D23PM"	65500	53310	53075	52994	48783	45097
"10-D24"	84708	80003	79684	79887	77058	67507
"10-D25"	68124	64616	64267	64461	61302	56348
"10-D29AM"	61868	57961	57775	57856	54052	43795
"10-D29PM"	69448	64387	64219	64234	59115	49186
"10-D2AM"	86173	78453	78162	78265	72338	61810
"10-D2PM"	111288	101887	101608	101673	96018	81380
"10-D30AM"	65905	60752	60637	60660	56291	47551
"10-D30PM"	107799	98026	97679	97778	87493	71261
"10-D31AM"	97582	91012	90733	90866	85295	69762
"10-D31PM"	72102	66687	66522	66544	62079	51631
"10-D32"	88665	81716	81474	81563	74379	60974
"10-D33"	87078	79599	79290	79437	72839	59104
"10-D35AM"	77297	72010	71749	71861	66717	55143
"10-D35PM"	85694	79007	78721	78869	72321	58871
"10-D36AM"	113628	103257	103056	103075	96939	79287
"10-D36PM"	106634	94861	94714	94616	86303	74667
"10-D37AM"	87214	72996	72879	72747	65633	58729
"10-D37PM"	95567	83133	82959	82875	76150	66387
"10-D38"	119201	106018	105687	105723	98230	86574
"10-D39"	86381	76932	76841	76792	73279	67018
"10-D3AM"	94821	83275	83061	82909	76049	66033
"10-D3PM"	108265	95908	95718	95577	87027	78327
"10-D42AM"	83914	75413	75282	75237	71534	60827
"10-D42PM"	122069	114241	114108	114085	109297	91925
"10-D43AM"	102148	95869	95731	95761	90924	77375
"10-D43PM"	84931	80218	80154	80132	76753	69128
"10-D44AM"	82865	78144	78098	78067	74772	67713
"10-D44PM"	110201	104148	104040	104017	99541	85063
"10-D45AM"	101024	96009	95827	95868	91539	76501
"10-D45PM"	121947	114514	114295	114357	106737	86644
"10-D46"	125357	118074	117750	117885	110607	90503
"10-D47"	87176	82655	82476	82522	78910	65629
"10-D4AM"	104929	93812	93409	93379	84185	71670
"10-D4PM"	103614	95134	94773	94936	89208	72896
"10-D5"	91279	82869	82640	82625	75726	65133
"10-D50AM"	94781	89270	89082	89112	83700	69122
"10-D50PM"	95936	90118	89901	89976	84746	70092
"10-D51AM"	64558	60797	60666	60697	57072	47678
"10-D51PM"	77708	72393	72307	72265	66953	58688
"10-D52AM"	83382	77121	76997	76986	71291	62171
"10-D52PM"	96698	90005	89814	89834	82900	68527
"10-D53"	77420	72277	71989	72100	64997	53775
"10-D54"	70281	62593	62255	62440	56205	46266
"10-D57AM"	66102	62037	61720	61743	55831	45624
"10-D57PM"	73823	68711	68397	68512	59632	47756
"10-D58AM"	76575	71975	71554	71667	63157	49827
"10-D58PM"	78174	73920	73657	73663	66894	51838
"10-D59AM"	55189	52174	52020	51988	47629	39899
"10-D59PM"	72829	68027	67768	67853	61871	50017
"10-D6"	132602	115275	114923	114513	100938	84067
"10-D60AM"	95303	90821	90407	90514	81797	65920
"10-D60PM"	93891	90044	89648	89795	83614	66662
"10-D61"	67495	63478	63245	63276	57957	47130
"10-D62"	67952	64266	64088	64104	59642	50220
"10-D63"	68096	65078	64794	64965	60089	45009
"10-D64AM"	63685	60612	60466	60481	56791	49055
"10-D64PM"	139127	131721	131295	131437	122770	101686
"10-D7"	102042	93104	92753	92880	85761	73200
"10-D8"	55588	50926	50774	50821	47063	39307
"10-D9"	80017	73896	73637	73720	68717	57186
"2-D0AM"	5178	4506	4430	4437	3973	3927
"2-D0PM"	13582	12326	12253	12256	11245	11009
"2-D10"	88844	80745	80300	80481	72502	58244
"2-D11"	54927	50438	50080	50257	45861	37167
"2-D14"	110195	97330	96845	96976	84745	67598
"2-D16"	128691	111649	111311	111255	97993	81856
"2-D18"	157467	144837	143847	144382	130603	102664
"2-D1AM"	54243	47723	47506	47473	38751	31628
"2-D1PM"	65456	55203	55093	54877	48518	42059
"2-D21AM"	90455	83380	82845	83131	75443	58309
"2-D21PM"	142368	130721	129704	130226	116865	90763
"2-D22AM"	67419	63804	63156	63577	59378	51193
"2-D22PM"	66162	62410	61799	62190	57948	49342
"2-D23AM"	43942	40044	39825	39883	37526	34672
"2-D23PM"	49680	46447	46024	46254	43091	38193
"2-D24"	49802	44125	43801	43922	40800	36420
"2-D25"	72728	68492	68019	68266	64648	57448
"2-D28AM"	63341	58905	58270	58645	54364	47171
"2-D28PM"	59178	54829	54224	54469	49824	41860
"2-D29AM"	70128	62920	62548	62703	56011	45197
"2-D29PM"	74423	68392	68021	68212	61848	51270
"2-D2AM"	89034	79766	79541	79524	69362	57669
"2-D2PM"	70012	63019	62723	62791	56082	47092
"2-D30AM"	68367	61968	61689	61820	55695	44798
"2-D30PM"	67146	61194	60999	61079	55710	47279
"2-D31AM"	83269	75955	75626	75770	67900	53960
"2-D31PM"	77089	72073	71799	71968	67175	55664
"2-D32"	80582	74566	74238	74414	68730	54630
"2-D33"	80515	74030	73635	73864	65835	51314
"2-D35AM"	72298	67459	67226	67354	62070	50115
"2-D35PM"	78185	73140	72879	72943	67098	54322
"2-D36AM"	100894	92509	92145	92335	83465	63774
"2-D36PM"	110847	102765	102389	102586	95192	77870
"2-D37AM"	107902	98935	98731	98769	89348	75936
"2-D37PM"	88624	80092	79996	79957	73824	65309
"2-D38"	99447	88812	88561	88557	81790	69486
"2-D39"	94137	82866	82555	82628	75281	63141
"2-D3AM"	47916	42421	42284	42236	37509	32409
"2-D3PM"	70996	63742	63565	63565	57674	48455
"2-D42AM"	83523	73575	73312	73389	68486	55571
"2-D42PM"	74421	68536	68264	68409	62728	48309
"2-D43AM"	64578	59285	59130	59178	54709	44702
"2-D43PM"	79642	74388	74116	74228	66828	50666
"2-D44AM"	64635	58662	58572	58537	51651	41443
"2-D44PM"	80791	75166	74959	75026	67805	50589
"2-D45AM"	68592	64533	64432	64437	59156	47459
"2-D45PM"	80559	77179	77018	77100	71943	56240
"2-D46"	112325	105144	104817	104937	92559	70324
"2-D47"	84620	80450	80156	80322	74562	57003
"2-D4AM"	110487	95552	95345	95124	83133	72263
"2-D4PM"	76286	68008	67722	67745	61124	51406
"2-D5"	71292	65294	65007	65151	60546	50634
"2-D50AM"	66306	61071	60926	60935	56888	50562
"2-D50PM"	71715	65747	65471	65576	58961	50046
"2-D51AM"	51366	47833	47660	47747	43030	35581
"2-D51PM"	52099	49365	49154	49251	45740	38086
"2-D52AM"	80481	69703	69550	69470	59531	51107
"2-D52PM"	58031	52426	52214	52290	47584	39235
"2-D53"	76736	67944	67531	67683	61118	50149
"2-D54"	57104	52302	52043	52154	47211	37962
"2-D57AM"	54213	50299	49986	50093	45423	36199
"2-D57PM"	37764	35104	34945	34979	32040	26039
"2-D58AM"	69329	64026	63668	63802	57731	43616
"2-D58PM"	63415	58681	58365	58484	50951	39535
"2-D59AM"	39959	37913	37652	37797	34422	26112
"2-D59PM"	38539	36744	36607	36663	33921	27627
"2-D6"	72854	66018	65666	65821	59606	48899
"2-D60AM"	61567	57357	56989	57181	51034	36960
"2-D60PM"	76274	72663	72308	72446	65524	51315
"2-D61"	75670	70286	69957	70074	63906	48731
"2-D62"	53243	49664	49504	49541	45378	36666
"2-D63"	48364	45891	45576	45752	40946	26755
"2-D64AM"	55562	52815	52587	52671	48338	36271
"2-D64PM"	46903	44259	44096	44145	40211	32310
"2-D7"	93392	83706	83220	83353	74197	59135
"2-D8"	33371	30899	30831	30838	28749	25279
"2-D9"	56075	51786	51462	51629	47670	37728
"3-D0AM"	5231	4584	4547	4547	4022	3960
"3-D0PM"	45985	41855	41681	41747	30503	26397
"3-D10"	66459	60403	60053	60220	54176	42123
"3-D11"	75702	70743	70425	70553	65288	52856
"3-D14"	96654	84062	83537	83617	72821	59791
"3-D16"	82273	53332	53177	52677	41559	35491
"3-D18"	130278	120968	120330	120709	110063	89609
"3-D1AM"	58010	50565	50307	50246	41794	32865
"3-D1PM"	64305	56752	56649	56581	50380	43748
"3-D21AM"	148640	137924	136962	137503	125064	96728
"3-D21PM"	141234	130450	129626	130092	117525	91691
"3-D22AM"	71587	67784	67093	67537	62575	52148
"3-D22PM"	52375	48301	47829	48107	43984	38965
"3-D23AM"	58464	53427	52775	53155	47915	41271
"3-D23PM"	60301	56321	55640	55947	51772	45432
"3-D24"	52585	47904	47647	47746	45131	40723
"3-D25"	76245	70290	69757	70037	65200	55641
"3-D28AM"	55921	51801	51318	51597	46878	39791
"3-D29AM"	57502	53034	52765	52915	48219	39323
"3-D29PM"	96289	89286	88799	89101	80982	65053
"3-D2AM"	83720	75277	75027	75066	66067	56031
"3-D2PM"	70091	63475	63198	63278	56841	46940
"3-D30AM"	91556	84349	84058	84186	77017	61237
"3-D30PM"	60158	55242	55116	55159	50795	43300
"3-D31AM"	66110	60286	59979	60119	52784	42419
"3-D31PM"	72033	67530	67219	67376	62123	48704
"3-D32"	72481	67550	67258	67428	62358	48723
"3-D33"	122713	112396	111507	112068	99326	70829
"3-D35AM"	64801	60694	60316	60551	55026	42391
"3-D35PM"	81238	74689	74293	74500	66396	50260
"3-D36AM"	78161	71432	71127	71263	63564	48428
"3-D36PM"	95217	88742	88261	88552	80489	61967
"3-D37AM"	107813	93478	93325	92845	79387	68333
"3-D38"	93015	82627	82329	82349	73823	61431
"3-D39"	107580	98959	98589	98770	89985	70935
"3-D3AM"	75013	65807	65499	65550	57982	49386
"3-D3PM"	70926	61336	61108	61052	52235	45741
"3-D42AM"	79820	70946	70744	70748	64563	52820
"3-D42PM"	53551	50574	50422	50503	47088	38611
"3-D43AM"	68392	64060	63782	63930	57972	44781
"3-D43PM"	88436	81474	81089	81211	71879	50781
"3-D44AM"	52314	48416	48358	48356	44008	36267
"3-D44PM"	64521	60449	60331	60362	55023	43926
"3-D45AM"	80824	75988	75819	75873	69278	54775
"3-D45PM"	84528	80446	80202	80322	75160	58791
"3-D46"	164397	155710	155303	155526	142070	109553
"3-D47"	88978	84715	84372	84560	78438	61231
"3-D4AM"	92470	80153	79920	79784	67360	57810
"3-D4PM"	91206	83458	82847	83202	74827	59139
"3-D5"	87911	80296	79758	80024	71391	56397
"3-D50AM"	77106	71124	70888	70966	66786	56096
"3-D50PM"	57312	52877	52624	52776	48499	40891
"3-D51AM"	46288	41773	41663	41689	37631	33310
"3-D51PM"	84065	77640	77236	77447	72602	61163
"3-D52AM"	62859	57347	57204	57207	51236	43363
"3-D52PM"	58846	54122	53948	53988	49199	42022
"3-D53"	43614	39302	39119	39152	34787	28833
"3-D54"	63006	53513	53168	53323	47911	39934
"3-D57AM"	44862	41048	40774	40869	36929	29688
"3-D57PM"	49001	45448	45183	45231	41169	32706
"3-D58AM"	59960	55556	55227	55398	50825	40109
"3-D58PM"	62853	58689	58419	58497	52358	40839
"3-D59AM"	54774	52476	52229	52355	47838	35181
"3-D59PM"	51160	49077	48863	48972	43465	35639
"3-D6"	98857	89829	89341	89568	79890	64428
"3-D60AM"	44760	41878	41662	41774	38017	29872
"3-D60PM"	50488	48365	48092	48240	44803	35146
"3-D61"	64467	60024	59708	59854	55046	43373
"3-D62"	68268	64397	64107	64200	59124	47791
"3-D63"	53281	50620	50292	50464	46733	35098
"3-D64AM"	44624	42592	42374	42505	39263	30838
"3-D64PM"	56462	53390	53132	53249	48999	39726
"3-D7"	74797	66813	66457	66529	57040	46472
"3-D8"	45798	41846	41778	41761	38767	33586
"3-D9"	68187	61767	61436	61610	55733	44166
"4-D0AM"	9134	8137	8063	8043	6378	6322
"4-D0PM"	15822	14165	14047	14041	12844	12597
"4-D10"	61267	55995	55595	55811	49922	39041
"4-D11"	65219	59333	59015	59141	53633	43109
"4-D14"	122832	106524	106075	106095	93928	74293
"4-D16"	103554	86023	85789	85496	74889	63710
"4-D18"	168687	156717	155557	156153	141719	107233
"4-D1AM"	58354	51601	51455	51382	43275	35075
"4-D1PM"	53296	44344	44280	44094	38352	33092
"4-D21AM"	149733	137249	136361	136861	123322	98624
"4-D21PM"	128407	114978	114212	114519	101831	83221
"4-D22AM"	59282	54940	54348	54716	49905	43509
"4-D22PM"	63272	58599	58173	58353	54051	48765
"4-D23AM"	72073	65902	65210	65616	59731	51089
"4-D23PM"	42284	39322	38923	39166	35981	31797
"4-D24"	45716	40731	40286	40510	37097	32563
"4-D25"	63419	59056	58466	58853	54926	47387
"4-D28AM"	58682	55058	54547	54846	50604	43312
"4-D29AM"	79150	72845	72514	72690	66910	55080
"4-D29PM"	92303	82348	81867	82119	71649	55814
"4-D2AM"	95527	85646	85378	85374	75968	61400
"4-D2PM"	84037	76660	76361	76462	70062	59529
"4-D30AM"	72236	65399	65271	65273	59828	51230
"4-D30PM"	51645	46356	46217	46215	41323	35840
"4-D31AM"	74889	68860	68381	68652	60394	45006
"4-D31PM"	88074	80153	79715	79921	71158	55880
"4-D32"	58589	52843	52520	52713	46032	36684
"4-D33"	90072	82257	81966	82062	73302	59202
"4-D35AM"	59747	55477	55209	55364	50530	40166
"4-D35PM"	72071	65269	64959	65134	58117	46901
"4-D36AM"	77409	69203	68829	68995	61691	48332
"4-D36PM"	84682	77667	77287	77426	71099	57505
"4-D37AM"	95029	83696	83507	83443	73089	61909
"4-D37PM"	83756	74100	73868	73829	65805	55812
"4-D38"	81327	68216	67954	67873	60801	53024
"4-D39"	81636	73890	73500	73718	67998	54788
"4-D3AM"	58681	50414	50184	50133	42470	35725
"4-D3PM"	64455	56387	56257	56091	48835	43403
"4-D42AM"	65790	57175	56974	57024	53193	43532
"4-D42PM"	66454	61154	60931	61012	55987	44469
"4-D43AM"	59560	54171	53976	54038	48526	39595
"4-D43PM"	77656	71933	71668	71779	65504	49540
"4-D44AM"	55950	51495	51403	51397	46168	37148
"4-D44PM"	69706	64885	64638	64750	58278	43598
"4-D45AM"	91845	86354	86223	86230	80216	65409
"4-D45PM"	88225	84054	83844	83939	78255	61259
"4-D46"	98775	93292	92946	93144	84398	66403
"4-D47"	92629	88388	88016	88221	81771	62685
"4-D4AM"	70690	62227	62101	61984	54424	46076
"4-D4PM"	63771	58457	58114	58297	53348	42633
"4-D5"	71127	65404	64934	65201	58996	46098
"4-D50AM"	84579	79726	79279	79556	72191	55335
"4-D50PM"	69678	65254	64953	65124	58570	45661
"4-D51AM"	73802	68202	67961	68058	62038	50430
"4-D51PM"	50805	47218	47037	47122	44052	37001
"4-D52AM"	54033	49424	49278	49323	43922	38180
"4-D52PM"	74237	68996	68777	68818	63122	53726
"4-D53"	86405	80639	80340	80461	73653	61865
"4-D54"	61701	57021	56681	56872	51173	40271
"4-D57AM"	68132	63779	63470	63555	58295	46334
"4-D57PM"	54566	50623	50385	50414	46034	37031
"4-D58AM"	76480	72117	71851	71958	67124	55884
"4-D58PM"	55976	52587	52364	52442	47351	39144
"4-D59AM"	80254	77289	76965	77076	70010	56782
"4-D59PM"	67204	64377	64080	64184	58924	46683
"4-D6"	101419	90939	90470	90627	81245	65498
"4-D60AM"	60647	56396	56139	56172	51057	41820
"4-D60PM"	80752	76767	76441	76539	70589	57941
"4-D61"	88730	82861	82478	82567	74723	60128
"4-D62"	85280	79872	79525	79609	72546	57804
"4-D63"	61481	58400	58021	58172	52968	39638
"4-D64AM"	49007	46487	46175	46361	42006	30184
"4-D64PM"	51071	48100	47954	48000	44505	36102
"4-D7"	71317	63406	62987	63093	55835	45298
"4-D8"	34634	31052	30986	30968	28087	24579
"4-D9"	51119	46821	46491	46670	42487	35161
"5-D0AM"	12040	10867	10798	10802	10076	9802
"5-D0PM"	47614	43307	43019	43185	33104	26722
"5-D10"	79536	73581	73167	73402	66949	53372
"5-D11"	56304	51903	51641	51764	46432	37302
"5-D14"	139952	123998	123427	123553	109261	89318
"5-D16"	116287	99416	99072	99007	83807	70860
"5-D18"	123023	109600	108838	109153	94191	73892
"5-D1AM"	45560	38691	38508	38446	33120	29384
"5-D1PM"	55379	47057	46986	46794	41251	35205
"5-D21AM"	121720	111340	110939	111061	99815	82925
"5-D21PM"	122868	110263	109753	109917	96839	78179
"5-D22AM"	62833	58974	58517	58812	54782	47535
"5-D22PM"	83805	77158	76621	76889	70438	61693
"5-D23AM"	79525	74835	74437	74667	70148	60524
"5-D23PM"	45965	43227	42722	43017	39095	34792
"5-D24"	52081	47118	46636	46933	43321	38978
"5-D25"	57342	54296	53668	54045	50140	44230
"5-D28AM"	69036	65133	64613	64906	60305	53378
"5-D28PM"	49624	45927	45356	45720	40903	35319
"5-D29AM"	50722	47037	46566	46857	40806	28351
"5-D29PM"	105331	96420	95903	96176	85711	66521
"5-D2AM"	74840	67618	67411	67426	59866	49437
"5-D2PM"	65926	59791	59567	59643	54587	47346
"5-D30AM"	67019	60977	60853	60876	55413	47461
"5-D30PM"	56908	51161	51043	51061	46178	39614
"5-D31AM"	88652	79801	79343	79600	70940	55219
"5-D31PM"	76233	69722	69221	69540	63533	49414
"5-D32"	97843	86838	86491	86604	78109	64139
"5-D33"	129649	112859	112283	112519	101948	78904
"5-D35AM"	55394	51559	51243	51432	48161	39936
"5-D35PM"	81245	74647	74209	74431	67904	54721
"5-D36AM"	69897	62022	61741	61843	56799	47160
"5-D36PM"	94993	85503	85243	85300	80965	69835
"5-D37AM"	87930	77603	77470	77426	69240	63756
"5-D37PM"	103454	92417	92168	92182	85356	74910
"5-D38"	84889	74935	74757	74741	69387	60207
"5-D39"	91824	83995	83714	83837	79305	68695
"5-D3AM"	74078	65858	65564	65599	57791	48371
"5-D3PM"	78670	69044	68894	68789	59312	50902
"5-D42AM"	84978	74627	74368	74464	66678	53836
"5-D42PM"	87551	77975	77754	77766	70818	56796
"5-D43AM"	79290	71281	71026	71051	65223	50995
"5-D43PM"	65424	59478	59328	59334	54495	43579
"5-D44AM"	56844	52074	52007	51986	47310	39467
"5-D44PM"	95627	85568	85348	85345	76029	59424
"5-D45AM"	66035	61615	61398	61490	58258	46259
"5-D45PM"	65284	60375	60280	60253	56875	46096
"5-D46"	94290	87803	87549	87622	80206	62497
"5-D47"	125800	116070	115700	115785	106139	82253
"5-D4AM"	84754	74898	74541	74550	65667	54026
"5-D4PM"	92978	85524	84982	85233	77232	61699
"5-D5"	92055	82909	82355	82616	73041	59143
"5-D50AM"	69072	64022	63765	63852	58765	44247
"5-D50PM"	77529	70301	70042	70118	61823	47272
"5-D51AM"	64814	60358	60050	60221	56081	43593
"5-D51PM"	60275	55707	55521	55593	51620	40337
"5-D52AM"	70860	64231	64099	64093	57396	48125
"5-D52PM"	74725	66475	66174	66281	55861	43816
"5-D53"	72289	64043	63755	63803	57558	44425
"5-D54"	63163	54922	54720	54732	49005	40654
"5-D57AM"	67921	62306	61982	61953	55553	43364
"5-D57PM"	67287	61735	61375	61534	54300	41199
"5-D58AM"	51732	47926	47755	47787	43651	35180
"5-D58PM"	62924	58377	58051	58181	52475	39217
"5-D59AM"	62409	58215	57959	57901	51342	40913
"5-D59PM"	69955	64908	64482	64698	57882	44378
"5-D6"	91927	83197	82775	82946	71370	56665
"5-D60AM"	36044	33354	33244	33248	29462	23918
"5-D60PM"	57865	55069	54812	54939	50638	40415
"5-D61"	84425	78547	78203	78287	69506	53774
"5-D62"	51318	48371	48111	48222	44358	35313
"5-D63"	54597	51748	51451	51547	47000	35831
"5-D64AM"	47270	44481	44332	44376	40159	32383
"5-D64PM"	49350	46565	46387	46440	42698	34983
"5-D7"	78755	70562	70191	70322	63052	51187
"5-D8"	35751	32683	32638	32615	30708	27334
"5-D9"	63119	57496	57172	57299	51697	40040
"6-D0AM"	8960	8101	8057	8063	7302	7200
"6-D0PM"	50213	45870	45766	45755	30767	26948
"6-D10"	64479	60544	60344	60417	56533	48523
"6-D11"	78456	74113	73860	73970	69227	57940
"6-D14"	142273	116652	116390	115955	102652	86987
"6-D16"	155650	131695	131536	131105	117068	101185
"6-D18"	149553	137927	137517	137697	127573	103949
"6-D1AM"	73423	65747	65627	65569	60013	55328
"6-D1PM"	70132	63443	63350	63304	58103	51070
"6-D21AM"	205035	190291	189723	189873	175477	143608
"6-D21PM"	128507	118278	117934	118011	108113	88530
"6-D22AM"	64126	60505	60231	60374	57009	48279
"6-D22PM"	64286	56374	56100	56134	51072	45912
"6-D23AM"	59106	55850	55605	55710	53043	46647
"6-D23PM"	62319	58407	58046	58237	54355	46864
"6-D24"	59759	54194	54022	54078	51275	45104
"6-D25"	80847	76412	76051	76252	72717	62705
"6-D28AM"	86578	79696	79370	79480	74004	63725
"6-D28PM"	61860	57486	57064	57298	52666	45407
"6-D29AM"	102918	96514	96110	96369	90709	74960
"6-D29PM"	93594	87140	86835	87000	79738	64388
"6-D2AM"	81382	73218	73015	73002	66678	55913
"6-D2PM"	73612	67146	66947	66992	63120	53507
"6-D30AM"	95099	88582	88439	88453	82600	73435
"6-D30PM"	92558	85654	85550	85535	80168	69529
"6-D31AM"	113039	106118	105808	105929	97823	80825
"6-D31PM"	104953	98423	98137	98227	91959	75413
"6-D32"	104195	96450	96150	96270	87711	71401
"6-D33"	100203	92555	92272	92410	84727	68280
"6-D35AM"	89162	83721	83543	83599	79229	65911
"6-D35PM"	117982	106133	105833	105915	94999	75847
"6-D36AM"	98789	90060	89875	89930	84368	68725
"6-D36PM"	94973	86467	86332	86316	80739	67917
"6-D37AM"	83712	73239	73112	73044	65993	58196
"6-D37PM"	120290	101697	101480	101207	88037	74896
"6-D38"	109052	99010	98824	98848	91848	80770
"6-D39"	110136	99019	98866	98789	92207	81009
"6-D3AM"	84304	75683	75426	75406	68654	59224
"6-D3PM"	158453	132762	132570	131602	113387	100645
"6-D42AM"	82408	74858	74760	74738	71282	62085
"6-D42PM"	89042	82776	82643	82630	78194	66106
"6-D43AM"	71147	66381	66254	66263	62227	52927
"6-D43PM"	90715	84819	84673	84712	80566	69620
"6-D44AM"	87381	81079	80907	80951	76034	62433
"6-D44PM"	120358	112300	112142	112146	104941	86295
"6-D45AM"	82201	77696	77603	77597	74554	64929
"6-D45PM"	85612	80482	80378	80369	76801	65567
"6-D46"	98377	91637	91414	91502	85219	70016
"6-D47"	118008	111741	111557	111590	105991	88108
"6-D4AM"	82878	74289	73963	73965	67044	56496
"6-D4PM"	97931	89076	88762	88793	82151	67175
"6-D5"	94904	85997	85703	85711	78887	66604
"6-D50AM"	88252	83791	83596	83659	79152	66623
"6-D50PM"	73724	69132	69000	69025	64288	52989
"6-D51AM"	100307	94704	94545	94572	90308	77763
"6-D51PM"	75595	70573	70432	70452	66459	54992
"6-D52AM"	125096	115370	115252	115168	106623	93244
"6-D52PM"	70390	64878	64733	64722	59247	50050
"6-D53"	55800	51266	51115	51139	45755	39045
"6-D54"	66122	58641	58432	58464	50517	44146
"6-D57AM"	92976	87858	87602	87485	79269	68431
"6-D57PM"	60714	56748	56527	56544	50819	43685
"6-D58AM"	60154	56645	56456	56447	52059	42441
"6-D58PM"	68724	64711	64496	64543	58751	47147
"6-D59AM"	71174	67168	66860	66933	60424	48671
"6-D59PM"	53359	49693	49550	49531	45009	36848
"6-D6"	93156	85009	84788	84727	78861	65908
"6-D60AM"	75195	69691	69437	69339	61898	53972
"6-D60PM"	81223	77073	76833	76887	72344	60042
"6-D61"	95416	89060	88813	88792	81366	64365
"6-D62"	70816	66392	66207	66198	60969	51970
"6-D63"	77974	74310	74047	74073	68097	51135
"6-D64AM"	52503	49329	49157	49154	44946	37371
"6-D64PM"	42250	39760	39651	39642	36299	30619
"6-D7"	79729	70477	70248	70119	63230	52635
"6-D8"	37429	34675	34626	34611	32732	29919
"6-D9"	96931	85733	85491	85431	77141	64374
"7-D0AM"	22593	20564	20517	20501	17661	16947
"7-D0PM"	60463	55979	55801	55863	39687	34619
"7-D10"	82795	77598	77287	77469	71968	60227
"7-D11"	149988	129471	129191	128969	115888	94280
"7-D14"	137739	113816	113468	113234	100179	82900
"7-D16"	159922	136597	136396	136085	121717	104165
"7-D18"	195630	181682	180994	181230	164932	126613
"7-D1AM"	72106	64999	64862	64832	57973	52953
"7-D1PM"	92704	83663	83180	83411	74723	63090
"7-D21AM"	165979	140218	139665	139562	120936	98086
"7-D21PM"	115599	106277	105832	106021	98972	81251
"7-D22AM"	71121	67149	66802	67013	63288	53134
"7-D22PM"	81491	75053	74659	74871	69843	61725
"7-D23AM"	69691	65480	65217	65310	61809	54392
"7-D23PM"	66109	59965	59625	59786	55957	49397
"7-D24"	58853	52123	51915	51977	49112	44342
"7-D25"	70716	66936	66540	66760	63225	55299
"7-D28AM"	79134	74531	74262	74369	70227	60878
"7-D28PM"	68350	64701	64260	64475	59905	52699
"7-D29AM"	77589	73052	72771	72920	68815	57765
"7-D29PM"	108402	101525	101140	101340	93635	76393
"7-D2AM"	80655	72762	72543	72552	66667	56003
"7-D2PM"	103313	94788	94531	94617	89265	76628
"7-D30AM"	88210	79054	78938	78831	71406	61958
"7-D30PM"	74126	68465	68230	68329	61783	49004
"7-D31AM"	66775	62121	61933	62007	56779	47272
"7-D31PM"	70307	66029	65849	65917	62188	51641
"7-D32"	105490	94690	94338	94457	82977	65520
"7-D33"	94622	87782	87524	87661	81971	65829
"7-D35AM"	71919	66341	66200	66220	62338	51143
"7-D35PM"	89038	80446	80193	80296	73440	60834
"7-D36AM"	92085	84355	84231	84198	79712	67686
"7-D36PM"	126910	113468	113218	113217	106828	88113
"7-D37AM"	87450	77303	77188	77136	70448	61906
"7-D37PM"	104194	91690	91450	91417	83552	70178
"7-D38"	99441	89914	89752	89751	83835	74688
"7-D39"	111281	98243	98047	98018	91278	78948
"7-D3AM"	91841	81846	81672	81571	74750	64219
"7-D3PM"	86548	76258	76133	75898	68144	60605
"7-D42AM"	96078	87252	87033	87070	82252	68551
"7-D42PM"	86687	81377	81222	81227	77208	66027
"7-D43AM"	95190	89251	89062	89109	84164	69924
"7-D43PM"	74591	70294	70213	70219	66640	59002
"7-D44AM"	65199	61069	61028	61004	57969	51178
"7-D44PM"	97916	91653	91494	91502	85729	72642
"7-D45AM"	107854	102198	101979	102079	97809	81617
"7-D45PM"	109556	103818	103565	103653	99122	82325
"7-D46"	111540	104573	104350	104416	97613	80098
"7-D47"	100184	95341	95076	95171	89973	74403
"7-D4AM"	149952	133888	133545	133386	120868	102592
"7-D4PM"	101270	93100	92824	92898	87256	70963
"7-D5"	88810	80592	80348	80362	73858	60980
"7-D50AM"	98377	92748	92527	92589	86657	70603
"7-D50PM"	79694	74664	74476	74545	68686	56326
"7-D51AM"	93222	88140	87900	88012	83480	69186
"7-D51PM"	87908	82609	82514	82510	78812	67637
"7-D52AM"	79556	73387	73297	73267	67863	59520
"7-D52PM"	73183	67599	67452	67435	61289	51794
"7-D53"	90761	83832	83577	83642	75870	62845
"7-D54"	78601	72422	72183	72256	64832	55857
"7-D57AM"	63298	59778	59540	59544	54341	47652
"7-D58AM"	71944	68088	67892	67919	61247	49862
"7-D58PM"	66830	63316	63082	63158	58441	47379
"7-D59AM"	61785	59052	58751	58895	53765	44662
"7-D59PM"	83667	79113	78820	78928	72499	59667
"7-D6"	125725	111895	111576	111444	101884	83759
"7-D60AM"	59491	55806	55518	55599	49566	40248
"7-D60PM"	99256	95209	94829	94931	88921	70930
"7-D61"	85173	80046	79784	79793	73086	61220
"7-D62"	83537	79521	79272	79341	73696	61010
"7-D63"	68668	65692	65461	65528	60740	48006
"7-D64AM"	68965	65592	65417	65416	60925	50946
"7-D64PM"	68365	65259	65098	65127	61161	52332
"7-D7"	100747	89720	89431	89285	81117	66379
"7-D8"	74922	69340	69171	69228	64675	52842
"7-D9"	102950	94766	94455	94555	88181	73866
"8-D0AM"	12985	11678	11642	11641	10792	10457
"8-D0PM"	65424	59924	59624	59761	47058	39771
"8-D10"	68321	62162	61978	61998	56301	46601
"8-D11"	108521	94495	94298	94090	84876	72211
"8-D14"	143957	124271	123988	123796	110815	91383
"8-D16"	131811	114579	114372	114216	103597	90058
"8-D18"	187127	173350	172810	173052	160366	129486
"8-D1AM"	75571	66216	66006	65932	57413	52432
"8-D1PM"	76068	68936	68683	68780	62848	54528
"8-D21AM"	159843	145194	144775	144814	131683	106033
"8-D21PM"	104198	97036	96736	96872	91713	77339
"8-D22AM"	82029	77614	77226	77430	73626	63014
"8-D22PM"	77680	72415	72102	72239	67483	59832
"8-D23AM"	69556	64235	64043	64070	60418	53643
"8-D23PM"	61010	55621	55278	55487	52133	47073
"8-D24"	56834	50555	50435	50407	47988	42787
"8-D25"	73332	69706	69248	69556	66270	56972
"8-D28AM"	83922	79253	78863	79083	74207	62231
"8-D28PM"	59045	55051	54726	54932	51281	44583
"8-D29AM"	83226	77470	77270	77356	72604	58791
"8-D29PM"	89978	82964	82693	82839	76519	60496
"8-D2AM"	89123	81203	80940	81000	74819	63020
"8-D2PM"	97571	88279	88044	88075	82242	70179
"8-D30AM"	73473	67595	67476	67480	62767	54128
"8-D30PM"	100190	92927	92691	92752	84911	70347
"8-D31AM"	84512	78020	77789	77886	71934	60399
"8-D31PM"	80858	75770	75577	75650	71246	58871
"8-D32"	97652	88986	88765	88797	80597	66870
"8-D33"	115596	107435	107213	107291	101374	84366
"8-D35AM"	71672	66007	65778	65885	61482	50881
"8-D35PM"	99176	90933	90605	90787	82618	67738
"8-D36AM"	131546	120462	120202	120238	113970	93179
"8-D36PM"	113839	102984	102745	102782	97393	81849
"8-D37AM"	102746	90627	90523	90409	83501	76038
"8-D37PM"	90996	80606	80442	80384	73567	65745
"8-D38"	97270	88148	87959	87991	83258	76906
"8-D39"	108853	99783	99633	99622	94939	85298
"8-D3AM"	80939	72151	71955	71908	66473	57934
"8-D3PM"	94124	83169	83006	82809	74857	67063
"8-D42AM"	99100	92120	91995	92032	89012	77369
"8-D42PM"	89662	84624	84539	84538	81621	69374
"8-D43AM"	97203	89904	89774	89759	83852	69788
"8-D43PM"	81481	76263	76219	76180	72197	63448
"8-D44AM"	73446	68984	68920	68906	65176	57171
"8-D44PM"	79443	75048	74966	74965	71145	61805
"8-D45AM"	105409	98991	98795	98826	94079	81235
"8-D45PM"	107499	100254	100060	100121	94026	78448
"8-D46"	104000	97611	97519	97502	91722	79012
"8-D47"	96452	91905	91717	91781	87626	73617
"8-D4AM"	110124	93767	93502	92985	81026	68898
"8-D4PM"	90449	83372	83079	83200	77902	65791
"8-D5"	109258	97170	96893	96753	86722	72914
"8-D50AM"	117085	107999	107718	107695	99637	82950
"8-D50PM"	72258	67408	67240	67296	62629	52705
"8-D51AM"	88423	80927	80739	80766	75067	63649
"8-D51PM"	78393	71919	71834	71777	65815	57529
"8-D52AM"	85628	78047	77931	77844	71433	62642
"8-D52PM"	75976	70756	70538	70602	65291	55331
"8-D53"	92401	83427	83150	83181	73946	61559
"8-D54"	48309	42120	41878	41978	37790	31922
"8-D57AM"	68066	63922	63647	63733	59234	48372
"8-D57PM"	85267	79103	78842	78828	71502	58965
"8-D58AM"	75735	71343	71072	71162	65625	52692
"8-D58PM"	68052	64183	64016	64037	59987	49836
"8-D59AM"	68557	65642	65360	65462	60821	47035
"8-D59PM"	69985	65253	65052	64998	58163	46874
"8-D6"	98549	87839	87601	87433	80389	67388
"8-D60AM"	84027	80624	80327	80463	75423	60290
"8-D60PM"	59784	57323	57172	57164	54151	44963
"8-D61"	89121	84283	84026	84083	78624	66018
"8-D62"	78429	74183	73968	73913	68022	56879
"8-D63"	73590	70655	70380	70505	66294	53159
"8-D64AM"	117929	111169	110902	110782	101895	84341
"8-D64PM"	116124	109156	108757	108913	100228	80118
"8-D7"	125468	112853	112584	112434	104019	86638
"8-D8"	81920	76476	76245	76365	71584	57901
"8-D9"	83836	78057	77802	77893	71932	59772
"9-D0AM"	6977	6047	5956	5939	5066	4959
"9-D0PM"	55183	50694	50494	50576	37742	32088
"9-D10"	72038	67134	66964	67029	62304	52139
"9-D11"	126869	111510	111223	111124	99470	82218
"9-D14"	124160	104351	104218	103796	92491	81834
"9-D16"	125987	96462	96319	95701	82741	70820
"9-D18"	93852	86596	86347	86446	79728	64292
"9-D1AM"	70055	63051	62958	62889	57527	52349
"9-D1PM"	76999	69885	69505	69638	62979	52173
"9-D21AM"	194884	177892	177144	177298	159363	122280
"9-D21PM"	138580	128590	128083	128299	120909	98085
"9-D22AM"	76921	72746	72402	72599	68997	61316
"9-D22PM"	66953	61675	61405	61482	57359	50144
"9-D23AM"	47723	44474	43996	44264	40886	36365
"9-D23PM"	68341	60943	60510	60751	56463	49930
"9-D24"	70144	64532	64318	64403	61615	56252
"9-D25"	68154	63847	63594	63740	61147	55507
"9-D28AM"	89837	85596	84775	85256	77983	62961
"9-D28PM"	80237	76137	75731	75975	71909	64525
"9-D29AM"	103127	96327	96001	96154	90528	74590
"9-D29PM"	47371	44023	43844	43950	40589	32457
"9-D2AM"	86323	78120	77874	77906	72368	60034
"9-D2PM"	107993	98159	97892	97914	92212	77858
"9-D30AM"	80503	75079	74962	74978	69724	60656
"9-D30PM"	113412	106494	106175	106311	98119	79806
"9-D31AM"	145319	135195	134784	134977	124643	100865
"9-D31PM"	92181	86851	86544	86715	82159	68043
"9-D32"	104609	97296	96971	97121	87745	70390
"9-D33"	84669	79012	78822	78908	75014	63650
"9-D35AM"	85219	79667	79344	79519	74223	60313
"9-D35PM"	117465	107851	107406	107636	98274	77726
"9-D36AM"	114949	102283	101932	102010	93499	75645
"9-D36PM"	118837	105474	105327	105213	95336	81630
"9-D37AM"	93318	80140	80047	79784	71366	63845
"9-D37PM"	102743	90430	90201	90168	82771	71384
"9-D38"	121796	105279	105071	104934	95866	85697
"9-D39"	82466	74031	73958	73933	70884	66018
"9-D3AM"	104851	93510	93297	93206	86466	73998
"9-D3PM"	86024	76026	75886	75747	68340	61655
"9-D42AM"	88623	80498	80378	80343	76488	64926
"9-D42PM"	87100	81498	81376	81397	77924	65010
"9-D43AM"	89744	83899	83687	83792	79156	65832
"9-D43PM"	67650	63623	63586	63554	60340	53893
"9-D44AM"	64221	60296	60255	60217	57416	51169
"9-D44PM"	97187	90666	90537	90543	85579	71200
"9-D45AM"	96632	91467	91347	91368	87152	73168
"9-D45PM"	107752	100966	100717	100844	94012	77423
"9-D46"	110031	102446	102224	102287	95505	78597
"9-D47"	121919	115538	115251	115382	109902	90474
"9-D4AM"	86676	76729	76534	76388	69003	58216
"9-D4PM"	104427	96744	96308	96547	90446	75822
"9-D5"	128545	116659	116271	116293	105334	86070
"9-D50AM"	106725	100442	100223	100280	94062	77419
"9-D50PM"	80721	75217	75058	75113	69896	56694
"9-D51AM"	97523	90745	90557	90605	85312	70930
"9-D51PM"	104544	95486	95403	95293	87816	77304
"9-D52AM"	71090	63176	63090	63010	57307	50394
"9-D52PM"	108379	98035	97697	97776	87695	72386
"9-D53"	97200	89470	89160	89290	80496	66969
"9-D54"	47840	41679	41474	41558	37481	31957
"9-D57AM"	61131	57475	57276	57324	53550	45504
"9-D57PM"	73018	68075	67777	67856	61149	50207
"9-D58AM"	60547	57071	56822	56880	50858	40925
"9-D58PM"	47603	45016	44921	44890	40820	33432
"9-D59AM"	60171	57461	57204	57283	53142	41958
"9-D59PM"	86562	81495	81222	81269	74575	57692
"9-D6"	112303	99620	99327	99112	90022	73756
"9-D60AM"	75393	72063	71772	71876	67343	54154
"9-D60PM"	70428	67679	67401	67473	63637	49803
"9-D61"	80002	74777	74544	74590	69188	57351
"9-D62"	98592	92979	92688	92734	85280	69889
"9-D63"	63592	60600	60333	60462	56237	43749
"9-D64AM"	50111	47410	47242	47273	43468	34748
"9-D64PM"	110807	104081	103699	103818	95539	76364
"9-D7"	86922	79153	78916	78986	72694	60402
"9-D8"	80508	74513	74238	74379	69326	56954
"9-D9"	85804	79697	79423	79544	73856	61719
"inoculum-6-10"	53435	50779	50163	50420	45278	38624
"inoculum1-5"	34276	32528	31798	32253	29103	26409
"M2-D10-1A"	81221	75462	75161	75240	71101	60630
"M2-D10-1B"	86852	81197	80825	80898	76639	65483
"M2-D10-2A"	97014	90843	90428	90543	85831	73911
"M2-D10-2B"	88279	81539	81169	81186	75862	65829
"M2-D10-3A"	89381	83385	83117	83113	79072	67700
"M2-D10-3B"	101825	95136	94753	94804	90304	77643
"M2-D8-1A"	79141	74548	74161	74278	71027	60334
"M2-D8-1B"	78989	74548	74164	74268	71104	61007
"M2-D8-2A"	90652	85700	85286	85378	81671	70090
"M2-D8-2B"	93297	87188	86738	86762	81456	69451
"M2-D8-3A"	91712	86664	86309	86390	82255	69375
"M2-D8-3B"	105965	100316	99864	99933	95502	82878
"M2-D9-1A"	90845	86021	85601	85719	82373	70793
"M2-D9-1B"	82071	77476	77127	77249	74040	63229
"M2-D9-2A"	124952	118536	117901	118156	112801	92735
"M2-D9-2B"	87309	82298	81943	82016	78508	68162
"M2-D9-3A"	110523	104550	104077	104257	99916	86782
"M2-D9-3B"	80303	76281	75963	76117	73545	65272
